rope,seq_len,method,sample,region,tail_band,tokens,dense_nll,nll,delta_nll,delta_p50,delta_p95,delta_p99,delta_max,fraction_delta_gt_1,mean_kl,same_top1
native,32768,flashprefill_tail0,0,early,earlier,128,1.5479470318761166,1.5114845466523494,-0.036462485456597804,-1.1625352271948943e-05,0.17457466125488252,0.37787595510482797,0.8409844636917114,0.0,0.02104261535080606,0.9375
native,32768,flashprefill_tail0,0,late,earlier,128,2.1808484872297527,2.1442917602262384,-0.036556727003514304,-0.0008597443811595,0.2691597491502761,0.38048382282257087,0.4895617961883545,0.0,0.015091774456802608,0.953125
native,32768,flashprefill_tail0,0,middle,earlier,128,1.8419945590163325,1.840034221850761,-0.001960337165741951,-7.30413812561892e-05,0.18158314228057842,0.44543432235717795,0.8877711296081543,0.0,0.008883614957885573,0.9453125
native,32768,flashprefill_tail0,0,tail,earlier,269,1.8478070520471017,1.8565706825996546,0.008763630531781717,2.2291742425295524e-05,0.32488209009170527,0.8823754882812495,0.9974370002746582,0.0,0.02301822444888057,0.9256505576208178
native,32768,flashprefill_tail0,0,tail,last_block,115,0.9853623232093123,1.0535128119932442,0.06815048819932461,5.960437192698009e-07,0.6164720058441161,1.5012588572502135,1.7063267230987549,0.02608695652173913,0.028905640934771704,0.9565217391304348
native,32768,flashprefill_tail0,0,tail,penultimate_block,128,1.0484381541883678,1.0954661055733617,0.047027951387661915,-1.2095330930605996e-05,0.411652261018753,2.122776117324837,3.695104360580444,0.015625,0.021612973271810845,0.9375
native,32768,flashprefill_tail0,1,early,earlier,128,2.016133059271283,2.0138545343980923,-0.002278524873190687,-2.4852277419995517e-05,0.18612405657768247,0.33431959033012393,0.5457911491394043,0.0,0.007582358220964159,0.9375
native,32768,flashprefill_tail0,1,late,earlier,128,1.735901002346992,1.7535072591287673,0.01760625678177519,1.5555619029328227e-05,0.3766655087471005,0.6582645070552837,0.8511195182800293,0.0,0.015157582156136003,0.96875
native,32768,flashprefill_tail0,1,middle,earlier,128,1.8070393533935771,1.8383524521560446,0.03131309864616582,0.0001317922142334,0.5281813144683835,1.1599751472473148,1.6632966995239258,0.03125,0.026798304195263037,0.953125
native,32768,flashprefill_tail0,1,tail,earlier,269,1.658558690303285,1.673859739472754,0.015301049169468159,0.0001244134036824,0.29533910751342773,0.7918015670776348,1.1221427917480469,0.007434944237918215,0.015003136382676797,0.9591078066914498
native,32768,flashprefill_tail0,1,tail,last_block,115,1.5640830972628463,1.5474363046520485,-0.016646792610797843,-7.018845644779503e-05,0.31933140754699696,0.5800406634807586,0.6010403633117676,0.0,0.023161874684469844,0.9043478260869565
native,32768,flashprefill_tail0,1,tail,penultimate_block,128,2.057113568581755,2.0661748795276935,0.009061311062353649,-0.00032992567867035,0.3837764978408813,0.6122173118591311,0.7070937156677246,0.0,0.019220095827597164,0.9453125
native,32768,flashprefill_tail0,2,early,earlier,128,1.8165967173268367,1.822910416909096,0.00631369958225925,-1.2218132269481432e-05,0.19919958710670466,0.3113737511634828,0.6389260292053223,0.0,0.006481156513080744,0.9453125
native,32768,flashprefill_tail0,2,late,earlier,128,2.418011358228455,2.451049573954265,0.033038215725810005,0.00048330979188894994,0.34589583873748736,0.7234657573699954,0.7425131797790527,0.0,0.014862411144221663,0.8828125
native,32768,flashprefill_tail0,2,middle,earlier,128,1.7347502827095127,1.7364026370024988,0.0016523543375512953,-0.0028082504868507,0.280760383605957,0.9579464197158827,1.6197142601013184,0.015625,0.026705424970426564,0.9609375
native,32768,flashprefill_tail0,2,tail,earlier,269,1.7707061268471682,1.7816710273773924,0.010964900529575652,7.510032446589321e-06,0.31666265726089476,0.5018006324768065,1.2442893981933594,0.0037174721189591076,0.03595005924775573,0.9070631970260223
native,32768,flashprefill_tail0,2,tail,last_block,115,2.0101443875842366,2.049103686311525,0.03895929872729618,0.0003393012448213,0.42819428443908675,0.8511182403564453,1.181659698486328,0.008695652173913044,0.02740272660484909,0.9130434782608695
native,32768,flashprefill_tail0,2,tail,penultimate_block,128,1.5909469083888412,1.6368092916227504,0.045862383233926884,-1.1920838005607949e-07,0.6810476660728438,1.0401698923110965,1.139362335205078,0.0234375,0.03517990034049055,0.90625
native,32768,flashprefill_tail0,3,early,earlier,128,2.555777681675167,2.563131274231491,0.007353592556324176,-5.1849965529982e-06,0.25469378232955897,0.6792445087432867,0.7514011859893799,0.0,0.011134390150279349,0.9609375
native,32768,flashprefill_tail0,3,late,earlier,128,1.6429820966512168,1.6432428738019507,0.0002607770177203054,0.000298744183965,0.30221300125122036,0.46204709410667455,0.8627743721008301,0.0,0.017954728206694484,0.921875
native,32768,flashprefill_tail0,3,middle,earlier,128,2.078716602602043,2.078804485553178,8.788295113504214e-05,-1.0063069566967897e-05,0.35430159568786596,0.5642421674728397,0.6608686447143555,0.0,0.017807753505731896,0.9453125
native,32768,flashprefill_tail0,3,tail,earlier,269,1.6388262087289767,1.6829838722339097,0.04415766356032606,3.155448939651251e-05,0.37003879547119134,0.7356216812133787,5.0524420738220215,0.007434944237918215,0.02720238203188139,0.9256505576208178
native,32768,flashprefill_tail0,3,tail,last_block,115,1.78681281326207,1.7776776108248609,-0.009135202307633648,-0.0001484639360569,0.3288050174713133,0.48805284261703485,0.6390215158462524,0.0,0.03278138240047715,0.9391304347826087
native,32768,flashprefill_tail0,3,tail,penultimate_block,128,1.4050507673929609,1.3947102420739625,-0.010340525464464175,-1.5078210708452389e-05,0.33672188520431495,0.869135334491731,1.1687259674072266,0.0078125,0.04349190150085587,0.8828125
native,32768,flashprefill_tail1,0,early,earlier,128,1.5479470318761166,1.5114845466523494,-0.036462485456597804,-1.1625352271948943e-05,0.17457466125488252,0.37787595510482797,0.8409844636917114,0.0,0.02104261535080606,0.9375
native,32768,flashprefill_tail1,0,late,earlier,128,2.1808484872297527,2.1442917602262384,-0.036556727003514304,-0.0008597443811595,0.2691597491502761,0.38048382282257087,0.4895617961883545,0.0,0.015091774456802608,0.953125
native,32768,flashprefill_tail1,0,middle,earlier,128,1.8419945590163325,1.840034221850761,-0.001960337165741951,-7.30413812561892e-05,0.18158314228057842,0.44543432235717795,0.8877711296081543,0.0,0.008883614957885573,0.9453125
native,32768,flashprefill_tail1,0,tail,earlier,269,1.8478070520471017,1.8565706825996546,0.008763630531781717,2.2291742425295524e-05,0.32488209009170527,0.8823754882812495,0.9974370002746582,0.0,0.02301822444888057,0.9256505576208178
native,32768,flashprefill_tail1,0,tail,last_block,115,0.9853623232093123,1.0113616698267616,0.025999346617449317,-9.178664186038075e-06,0.23291506767272932,0.5732802820205687,2.163193225860596,0.008695652173913044,0.009310240453136182,0.9826086956521739
native,32768,flashprefill_tail1,0,tail,penultimate_block,128,1.0484381541883678,1.0954661055733617,0.047027951387661915,-1.2095330930605996e-05,0.411652261018753,2.122776117324837,3.695104360580444,0.015625,0.021612973271810845,0.9375
native,32768,flashprefill_tail1,1,early,earlier,128,2.016133059271283,2.0138545343980923,-0.002278524873190687,-2.4852277419995517e-05,0.18612405657768247,0.33431959033012393,0.5457911491394043,0.0,0.007582358220964159,0.9375
native,32768,flashprefill_tail1,1,late,earlier,128,1.735901002346992,1.7535072591287673,0.01760625678177519,1.5555619029328227e-05,0.3766655087471005,0.6582645070552837,0.8511195182800293,0.0,0.015157582156136003,0.96875
native,32768,flashprefill_tail1,1,middle,earlier,128,1.8070393533935771,1.8383524521560446,0.03131309864616582,0.0001317922142334,0.5281813144683835,1.1599751472473148,1.6632966995239258,0.03125,0.026798304195263037,0.953125
native,32768,flashprefill_tail1,1,tail,earlier,269,1.658558690303285,1.673859739472754,0.015301049169468159,0.0001244134036824,0.29533910751342773,0.7918015670776348,1.1221427917480469,0.007434944237918215,0.015003136382676797,0.9591078066914498
native,32768,flashprefill_tail1,1,tail,last_block,115,1.5640830972628463,1.565347671421193,0.0012645741583464376,0.0001922370865941,0.2158755898475647,0.3038189005851745,0.5061450004577637,0.0,0.010390511108640406,0.9478260869565217
native,32768,flashprefill_tail1,1,tail,penultimate_block,128,2.057113568581755,2.0661748795276935,0.009061311062353649,-0.00032992567867035,0.3837764978408813,0.6122173118591311,0.7070937156677246,0.0,0.019220095827597164,0.9453125
native,32768,flashprefill_tail1,2,early,earlier,128,1.8165967173268367,1.822910416909096,0.00631369958225925,-1.2218132269481432e-05,0.19919958710670466,0.3113737511634828,0.6389260292053223,0.0,0.006481156513080744,0.9453125
native,32768,flashprefill_tail1,2,late,earlier,128,2.418011358228455,2.451049573954265,0.033038215725810005,0.00048330979188894994,0.34589583873748736,0.7234657573699954,0.7425131797790527,0.0,0.014862411144221663,0.8828125
native,32768,flashprefill_tail1,2,middle,earlier,128,1.7347502827095127,1.7364026370024988,0.0016523543375512953,-0.0028082504868507,0.280760383605957,0.9579464197158827,1.6197142601013184,0.015625,0.026705424970426564,0.9609375
native,32768,flashprefill_tail1,2,tail,earlier,269,1.7707061268471682,1.7816710273773924,0.010964900529575652,7.510032446589321e-06,0.31666265726089476,0.5018006324768065,1.2442893981933594,0.0037174721189591076,0.03595005924775573,0.9070631970260223
native,32768,flashprefill_tail1,2,tail,last_block,115,2.0101443875842366,2.024333247217747,0.014188859633518206,9.535797289572656e-07,0.2197280168533324,0.4379811573028564,0.9278850555419922,0.0,0.01029963518700515,0.9217391304347826
native,32768,flashprefill_tail1,2,tail,penultimate_block,128,1.5909469083888412,1.6368092916227504,0.045862383233926884,-1.1920838005607949e-07,0.6810476660728438,1.0401698923110965,1.139362335205078,0.0234375,0.03517990034049055,0.90625
native,32768,flashprefill_tail1,3,early,earlier,128,2.555777681675167,2.563131274231491,0.007353592556324176,-5.1849965529982e-06,0.25469378232955897,0.6792445087432867,0.7514011859893799,0.0,0.011134390150279349,0.9609375
native,32768,flashprefill_tail1,3,late,earlier,128,1.6429820966512168,1.6432428738019507,0.0002607770177203054,0.000298744183965,0.30221300125122036,0.46204709410667455,0.8627743721008301,0.0,0.017954728206694484,0.921875
native,32768,flashprefill_tail1,3,middle,earlier,128,2.078716602602043,2.078804485553178,8.788295113504214e-05,-1.0063069566967897e-05,0.35430159568786596,0.5642421674728397,0.6608686447143555,0.0,0.017807753505731896,0.9453125
native,32768,flashprefill_tail1,3,tail,earlier,269,1.6388262087289767,1.6829838722339097,0.04415766356032606,3.155448939651251e-05,0.37003879547119134,0.7356216812133787,5.0524420738220215,0.007434944237918215,0.02720238203188139,0.9256505576208178
native,32768,flashprefill_tail1,3,tail,last_block,115,1.78681281326207,1.8085466926664169,0.021733879404347022,-3.576276412786683e-07,0.28129202127456626,0.4624000525474548,1.4499075412750244,0.008695652173913044,0.015500183356630714,0.9391304347826087
native,32768,flashprefill_tail1,3,tail,penultimate_block,128,1.4050507673929609,1.3947102420739625,-0.010340525464464175,-1.5078210708452389e-05,0.33672188520431495,0.869135334491731,1.1687259674072266,0.0078125,0.04349190150085587,0.8828125
native,32768,flashprefill_tail2,0,early,earlier,128,1.5479470318761166,1.5114845466523494,-0.036462485456597804,-1.1625352271948943e-05,0.17457466125488252,0.37787595510482797,0.8409844636917114,0.0,0.02104261535080606,0.9375
native,32768,flashprefill_tail2,0,late,earlier,128,2.1808484872297527,2.1442917602262384,-0.036556727003514304,-0.0008597443811595,0.2691597491502761,0.38048382282257087,0.4895617961883545,0.0,0.015091774456802608,0.953125
native,32768,flashprefill_tail2,0,middle,earlier,128,1.8419945590163325,1.840034221850761,-0.001960337165741951,-7.30413812561892e-05,0.18158314228057842,0.44543432235717795,0.8877711296081543,0.0,0.008883614957885573,0.9453125
native,32768,flashprefill_tail2,0,tail,earlier,269,1.8478070520471017,1.8565706825996546,0.008763630531781717,2.2291742425295524e-05,0.32488209009170527,0.8823754882812495,0.9974370002746582,0.0,0.02301822444888057,0.9256505576208178
native,32768,flashprefill_tail2,0,tail,last_block,115,0.9853623232093123,0.9846123400200055,-0.0007499831893077759,-3.419257700443268e-05,0.13926663398742659,0.44035743236541736,0.7931618690490723,0.0,0.0066005292141378975,0.9739130434782609
native,32768,flashprefill_tail2,0,tail,penultimate_block,128,1.0484381541883678,1.0560023973945363,0.007564243200654622,6.528903031721711e-05,0.18621789515018441,0.5275760138034826,0.9186849594116212,0.0,0.00782451814324499,0.9375
native,32768,flashprefill_tail2,1,early,earlier,128,2.016133059271283,2.0138545343980923,-0.002278524873190687,-2.4852277419995517e-05,0.18612405657768247,0.33431959033012393,0.5457911491394043,0.0,0.007582358220964159,0.9375
native,32768,flashprefill_tail2,1,late,earlier,128,1.735901002346992,1.7535072591287673,0.01760625678177519,1.5555619029328227e-05,0.3766655087471005,0.6582645070552837,0.8511195182800293,0.0,0.015157582156136003,0.96875
native,32768,flashprefill_tail2,1,middle,earlier,128,1.8070393533935771,1.8383524521560446,0.03131309864616582,0.0001317922142334,0.5281813144683835,1.1599751472473148,1.6632966995239258,0.03125,0.026798304195263037,0.953125
native,32768,flashprefill_tail2,1,tail,earlier,269,1.658558690303285,1.673859739472754,0.015301049169468159,0.0001244134036824,0.29533910751342773,0.7918015670776348,1.1221427917480469,0.007434944237918215,0.015003136382676797,0.9591078066914498
native,32768,flashprefill_tail2,1,tail,last_block,115,1.5640830972628463,1.5527003699062176,-0.011382727356628852,2.801221489789896e-05,0.22175334692001328,0.35593214511871335,0.595989465713501,0.0,0.010395252937697119,0.9652173913043478
native,32768,flashprefill_tail2,1,tail,penultimate_block,128,2.057113568581755,2.088784358311088,0.031670789729332675,0.001966749317944,0.3544638037681577,0.747640588283539,0.9856152534484864,0.0,0.011304705489074205,0.9296875
native,32768,flashprefill_tail2,2,early,earlier,128,1.8165967173268367,1.822910416909096,0.00631369958225925,-1.2218132269481432e-05,0.19919958710670466,0.3113737511634828,0.6389260292053223,0.0,0.006481156513080744,0.9453125
native,32768,flashprefill_tail2,2,late,earlier,128,2.418011358228455,2.451049573954265,0.033038215725810005,0.00048330979188894994,0.34589583873748736,0.7234657573699954,0.7425131797790527,0.0,0.014862411144221663,0.8828125
native,32768,flashprefill_tail2,2,middle,earlier,128,1.7347502827095127,1.7364026370024988,0.0016523543375512953,-0.0028082504868507,0.280760383605957,0.9579464197158827,1.6197142601013184,0.015625,0.026705424970426564,0.9609375
native,32768,flashprefill_tail2,2,tail,earlier,269,1.7707061268471682,1.7816710273773924,0.010964900529575652,7.510032446589321e-06,0.31666265726089476,0.5018006324768065,1.2442893981933594,0.0037174721189591076,0.03595005924775573,0.9070631970260223
native,32768,flashprefill_tail2,2,tail,last_block,115,2.0101443875842366,2.036679292197155,0.026534904612918055,0.0025745630264282,0.23429293632507314,0.41282197475433347,0.7599005699157715,0.0,0.008234273427130887,0.9391304347826087
native,32768,flashprefill_tail2,2,tail,penultimate_block,128,1.5909469083888412,1.6247935403699287,0.033846631979495896,1.8476666809874587e-06,0.33883197307586654,0.808310012817384,1.2734441757202148,0.0078125,0.023932144282332108,0.921875
native,32768,flashprefill_tail2,3,early,earlier,128,2.555777681675167,2.563131274231491,0.007353592556324176,-5.1849965529982e-06,0.25469378232955897,0.6792445087432867,0.7514011859893799,0.0,0.011134390150279349,0.9609375
native,32768,flashprefill_tail2,3,late,earlier,128,1.6429820966512168,1.6432428738019507,0.0002607770177203054,0.000298744183965,0.30221300125122036,0.46204709410667455,0.8627743721008301,0.0,0.017954728206694484,0.921875
native,32768,flashprefill_tail2,3,middle,earlier,128,2.078716602602043,2.078804485553178,8.788295113504214e-05,-1.0063069566967897e-05,0.35430159568786596,0.5642421674728397,0.6608686447143555,0.0,0.017807753505731896,0.9453125
native,32768,flashprefill_tail2,3,tail,earlier,269,1.6388262087289767,1.6829838722339097,0.04415766356032606,3.155448939651251e-05,0.37003879547119134,0.7356216812133787,5.0524420738220215,0.007434944237918215,0.02720238203188139,0.9256505576208178
native,32768,flashprefill_tail2,3,tail,last_block,115,1.78681281326207,1.8065984681780394,0.01978565491596941,-0.0002133353846147,0.2626609206199644,0.34204057216644285,1.4503252506256104,0.008695652173913044,0.011857056532435191,0.9565217391304348
native,32768,flashprefill_tail2,3,tail,penultimate_block,128,1.4050507673929609,1.3896306177918731,-0.015420149601087731,4.647683817893267e-05,0.13806853145360928,0.2632028865814211,0.9427921772003174,0.0,0.01124271747762191,0.953125
yarn4,4096,flashprefill_tail0,0,early,earlier,128,1.5562845001529695,1.549780709007024,-0.006503791145945565,-5.865492857992649e-05,0.05895858407020562,0.11573375940322872,0.1234230995178222,0.0,0.0007551639972676483,0.984375
yarn4,4096,flashprefill_tail0,0,middle,earlier,128,1.748562675505437,1.7806134043579709,0.03205072885247695,2.7751379093388095e-05,0.2739336490631101,0.6507400894165041,0.842528223991394,0.0,0.014259848675782076,0.921875
yarn4,4096,flashprefill_tail0,0,tail,earlier,269,1.6333250357879894,1.6187508319975277,-0.014574203816211887,-3.3155083656311035e-06,0.32709051370620723,0.7668922042846669,2.1213743686676025,0.007434944237918215,0.03757564595028247,0.9033457249070632
yarn4,4096,flashprefill_tail0,0,tail,last_block,115,1.3941591033009662,1.4254194431618168,0.03126033986186287,5.529029294848442e-05,0.331470727920532,0.8793542480468748,1.16408109664917,0.008695652173913044,0.01406650846877981,0.9217391304347826
yarn4,4096,flashprefill_tail0,0,tail,penultimate_block,128,1.4414353033674558,1.4287162920499412,-0.012719011317500414,-0.00012930424418295002,0.30612044185400006,0.521577180027962,0.7689423561096191,0.0,0.01763038404815904,0.96875
yarn4,4096,flashprefill_tail0,1,early,earlier,128,1.9248991363438248,1.9262456920660893,0.0013465557222644919,1.786649227142334e-05,0.08762793540954578,0.2114444518089299,0.3358185291290283,0.0,0.0009894849507096047,0.984375
yarn4,4096,flashprefill_tail0,1,middle,earlier,128,2.047726987440824,2.054915449726302,0.007188462285477645,0.00036108435597264997,0.17148087024688705,0.2766355705261231,0.5361661911010742,0.0,0.008840420805348371,0.96875
yarn4,4096,flashprefill_tail0,1,tail,earlier,269,1.9100753984169532,1.9260946805199146,0.016019282102944402,-5.620741285383701e-05,0.3379628896713253,0.9861951208114613,1.7657794952392578,0.011152416356877323,0.025437063071693907,0.9368029739776952
yarn4,4096,flashprefill_tail0,1,tail,last_block,115,1.6821080615697888,1.7368089496998278,0.05470088861594653,0.0006204545497894,0.45204376578330974,1.7269507598876952,1.959341287612915,0.02608695652173913,0.060471051503890004,0.9304347826086956
yarn4,4096,flashprefill_tail0,1,tail,penultimate_block,128,1.125285929677844,1.1233564915157075,-0.0019294381620795697,-0.0003794648509938,0.10294774174690241,0.41488780021667593,0.7379941940307617,0.0,0.010199644140534713,0.9609375
yarn4,4096,flashprefill_tail0,2,early,earlier,128,2.0801263081015264,2.080006476701314,-0.00011983140021243387,0.0001504287938587,0.06420478224754327,0.08382409811019896,0.1184432506561279,0.0,0.0008209301219807594,0.9765625
yarn4,4096,flashprefill_tail0,2,middle,earlier,128,1.7894979060851597,1.7789863201262506,-0.010511585958909107,-9.712012251835773e-05,0.13328902125358566,0.3337909078598028,0.5663609504699707,0.0,0.005674195848335911,0.9296875
yarn4,4096,flashprefill_tail0,2,tail,earlier,269,1.9851880356337726,1.9901312291238196,0.004943193490000551,-3.1978823244571686e-05,0.3035184860229491,0.6657146549224853,0.8856654167175293,0.0,0.01516757768054873,0.9330855018587361
yarn4,4096,flashprefill_tail0,2,tail,last_block,115,1.5576324967976214,1.6204463291767752,0.06281383383485144,0.0062914118170738,0.472010314464569,2.0913680839538564,2.477876663208008,0.017391304347826087,0.046058377887525,0.9478260869565217
yarn4,4096,flashprefill_tail0,2,tail,penultimate_block,128,2.2687515032466337,2.2515579804070143,-0.01719352283961939,-0.00019316963152955,0.24433045387268032,0.7691580009460455,1.7883360385894775,0.0078125,0.020451292655567815,0.953125
yarn4,4096,flashprefill_tail0,3,early,earlier,128,1.7345035267536382,1.7369756033418575,0.0024720765882193544,-5.937181413173676e-08,0.0847939439117907,0.11732056617736816,0.1219744682312011,0.0,0.0007326448329797536,0.984375
yarn4,4096,flashprefill_tail0,3,middle,earlier,128,1.327677554058873,1.3145401525001006,-0.013137401558772407,-0.00059341965243215,0.13768321573734266,0.24751213073730466,0.627011775970459,0.0,0.0059219640499252445,0.9453125
yarn4,4096,flashprefill_tail0,3,tail,earlier,269,2.112821280923487,2.1351759512174997,0.022354670294073994,-1.4305076092568925e-06,0.37394037246704104,1.1781667137145995,1.9823737144470213,0.01486988847583643,0.025236733802293836,0.9107806691449815
yarn4,4096,flashprefill_tail0,3,tail,last_block,115,2.3091828653616098,2.314066250025648,0.004883384664034294,-0.0002559318672865,0.27697873115539545,0.38190381050109856,0.5840840339660645,0.0,0.01211485519711257,0.9565217391304348
yarn4,4096,flashprefill_tail0,3,tail,penultimate_block,128,2.1499736293815204,2.1721777761900967,0.02220414680846261,-1.8016668036580086e-05,0.31060196161270137,0.539746870994568,0.5967053174972534,0.0,0.013591499826405902,0.90625
yarn4,4096,flashprefill_tail1,0,early,earlier,128,1.5562845001529695,1.549780709007024,-0.006503791145945565,-5.865492857992649e-05,0.05895858407020562,0.11573375940322872,0.1234230995178222,0.0,0.0007551639972676483,0.984375
yarn4,4096,flashprefill_tail1,0,middle,earlier,128,1.748562675505437,1.7806134043579709,0.03205072885247695,2.7751379093388095e-05,0.2739336490631101,0.6507400894165041,0.842528223991394,0.0,0.014259848675782076,0.921875
yarn4,4096,flashprefill_tail1,0,tail,earlier,269,1.6333250357879894,1.6187508319975277,-0.014574203816211887,-3.3155083656311035e-06,0.32709051370620723,0.7668922042846669,2.1213743686676025,0.007434944237918215,0.03757564595028247,0.9033457249070632
yarn4,4096,flashprefill_tail1,0,tail,last_block,115,1.3941591033009662,1.4097191110037053,0.015560007702738991,6.326820584945381e-05,0.2408220887184142,0.46378040313720703,0.8502922058105469,0.0,0.0064378975658930205,0.9478260869565217
yarn4,4096,flashprefill_tail1,0,tail,penultimate_block,128,1.4414353033674558,1.4287162920499412,-0.012719011317500414,-0.00012930424418295002,0.30612044185400006,0.521577180027962,0.7689423561096191,0.0,0.01763038404815904,0.96875
yarn4,4096,flashprefill_tail1,1,early,earlier,128,1.9248991363438248,1.9262456920660893,0.0013465557222644919,1.786649227142334e-05,0.08762793540954578,0.2114444518089299,0.3358185291290283,0.0,0.0009894849507096047,0.984375
yarn4,4096,flashprefill_tail1,1,middle,earlier,128,2.047726987440824,2.054915449726302,0.007188462285477645,0.00036108435597264997,0.17148087024688705,0.2766355705261231,0.5361661911010742,0.0,0.008840420805348371,0.96875
yarn4,4096,flashprefill_tail1,1,tail,earlier,269,1.9100753984169532,1.9260946805199146,0.016019282102944402,-5.620741285383701e-05,0.3379628896713253,0.9861951208114613,1.7657794952392578,0.011152416356877323,0.025437063071693907,0.9368029739776952
yarn4,4096,flashprefill_tail1,1,tail,last_block,115,1.6821080615697888,1.7068860385020066,0.024777976932217935,0.0007369769737124,0.1505076885223388,0.5022899913787842,0.7739191651344299,0.0,0.006068377626813661,0.991304347826087
yarn4,4096,flashprefill_tail1,1,tail,penultimate_block,128,1.125285929677844,1.1233564915157075,-0.0019294381620795697,-0.0003794648509938,0.10294774174690241,0.41488780021667593,0.7379941940307617,0.0,0.010199644140534713,0.9609375
yarn4,4096,flashprefill_tail1,2,early,earlier,128,2.0801263081015264,2.080006476701314,-0.00011983140021243387,0.0001504287938587,0.06420478224754327,0.08382409811019896,0.1184432506561279,0.0,0.0008209301219807594,0.9765625
yarn4,4096,flashprefill_tail1,2,middle,earlier,128,1.7894979060851597,1.7789863201262506,-0.010511585958909107,-9.712012251835773e-05,0.13328902125358566,0.3337909078598028,0.5663609504699707,0.0,0.005674195848335911,0.9296875
yarn4,4096,flashprefill_tail1,2,tail,earlier,269,1.9851880356337726,1.9901312291238196,0.004943193490000551,-3.1978823244571686e-05,0.3035184860229491,0.6657146549224853,0.8856654167175293,0.0,0.01516757768054873,0.9330855018587361
yarn4,4096,flashprefill_tail1,2,tail,last_block,115,1.5576324967976214,1.5594511161167326,0.0018186193191112466,-0.0024482272565364,0.1470795631408689,0.40997802734375,0.5355768203735352,0.0,0.0054284082061139185,0.9565217391304348
yarn4,4096,flashprefill_tail1,2,tail,penultimate_block,128,2.2687515032466337,2.2515579804070143,-0.01719352283961939,-0.00019316963152955,0.24433045387268032,0.7691580009460455,1.7883360385894775,0.0078125,0.020451292655567815,0.953125
yarn4,4096,flashprefill_tail1,3,early,earlier,128,1.7345035267536382,1.7369756033418575,0.0024720765882193544,-5.937181413173676e-08,0.0847939439117907,0.11732056617736816,0.1219744682312011,0.0,0.0007326448329797536,0.984375
yarn4,4096,flashprefill_tail1,3,middle,earlier,128,1.327677554058873,1.3145401525001006,-0.013137401558772407,-0.00059341965243215,0.13768321573734266,0.24751213073730466,0.627011775970459,0.0,0.0059219640499252445,0.9453125
yarn4,4096,flashprefill_tail1,3,tail,earlier,269,2.112821280923487,2.1351759512174997,0.022354670294073994,-1.4305076092568925e-06,0.37394037246704104,1.1781667137145995,1.9823737144470213,0.01486988847583643,0.025236733802293836,0.9107806691449815
yarn4,4096,flashprefill_tail1,3,tail,last_block,115,2.3091828653616098,2.298392496110769,-0.010790369250840422,-0.0005157582927495,0.1617280006408691,0.19186630725860593,0.2883132696151733,0.0,0.003252482368238973,0.991304347826087
yarn4,4096,flashprefill_tail1,3,tail,penultimate_block,128,2.1499736293815204,2.1721777761900967,0.02220414680846261,-1.8016668036580086e-05,0.31060196161270137,0.539746870994568,0.5967053174972534,0.0,0.013591499826405902,0.90625
yarn4,4096,flashprefill_tail2,0,early,earlier,128,1.5562845001529695,1.549780709007024,-0.006503791145945565,-5.865492857992649e-05,0.05895858407020562,0.11573375940322872,0.1234230995178222,0.0,0.0007551639972676483,0.984375
yarn4,4096,flashprefill_tail2,0,middle,earlier,128,1.748562675505437,1.7806134043579709,0.03205072885247695,2.7751379093388095e-05,0.2739336490631101,0.6507400894165041,0.842528223991394,0.0,0.014259848675782076,0.921875
yarn4,4096,flashprefill_tail2,0,tail,earlier,269,1.6333250357879894,1.6187508319975277,-0.014574203816211887,-3.3155083656311035e-06,0.32709051370620723,0.7668922042846669,2.1213743686676025,0.007434944237918215,0.03757564595028247,0.9033457249070632
yarn4,4096,flashprefill_tail2,0,tail,last_block,115,1.3941591033009662,1.4027240259688034,0.0085649226678371,0.0,0.19557303190231318,0.48441232204437246,0.7828788757324219,0.0,0.004932405952436213,0.9652173913043478
yarn4,4096,flashprefill_tail2,0,tail,penultimate_block,128,1.4414353033674558,1.440056422947606,-0.0013788804198497917,-2.2708076357957907e-05,0.19766439199447583,0.4154289066791543,0.5270503163337708,0.0,0.009231727914136248,0.9765625
yarn4,4096,flashprefill_tail2,1,early,earlier,128,1.9248991363438248,1.9262456920660893,0.0013465557222644919,1.786649227142334e-05,0.08762793540954578,0.2114444518089299,0.3358185291290283,0.0,0.0009894849507096047,0.984375
yarn4,4096,flashprefill_tail2,1,middle,earlier,128,2.047726987440824,2.054915449726302,0.007188462285477645,0.00036108435597264997,0.17148087024688705,0.2766355705261231,0.5361661911010742,0.0,0.008840420805348371,0.96875
yarn4,4096,flashprefill_tail2,1,tail,earlier,269,1.9100753984169532,1.9260946805199146,0.016019282102944402,-5.620741285383701e-05,0.3379628896713253,0.9861951208114613,1.7657794952392578,0.011152416356877323,0.025437063071693907,0.9368029739776952
yarn4,4096,flashprefill_tail2,1,tail,last_block,115,1.6821080615697888,1.7031903366561536,0.02108227508636485,0.0007508515845984,0.1530882835388182,0.3583281421661377,0.8516061902046204,0.0,0.006115827283146075,0.9826086956521739
yarn4,4096,flashprefill_tail2,1,tail,penultimate_block,128,1.125285929677844,1.127888979936401,0.002603050258557018,-0.0003842217847704,0.10569469928741441,0.2803863048553467,0.6910305023193359,0.0,0.0028722311113098123,0.9921875
yarn4,4096,flashprefill_tail2,2,early,earlier,128,2.0801263081015264,2.080006476701314,-0.00011983140021243387,0.0001504287938587,0.06420478224754327,0.08382409811019896,0.1184432506561279,0.0,0.0008209301219807594,0.9765625
yarn4,4096,flashprefill_tail2,2,middle,earlier,128,1.7894979060851597,1.7789863201262506,-0.010511585958909107,-9.712012251835773e-05,0.13328902125358566,0.3337909078598028,0.5663609504699707,0.0,0.005674195848335911,0.9296875
yarn4,4096,flashprefill_tail2,2,tail,earlier,269,1.9851880356337726,1.9901312291238196,0.004943193490000551,-3.1978823244571686e-05,0.3035184860229491,0.6657146549224853,0.8856654167175293,0.0,0.01516757768054873,0.9330855018587361
yarn4,4096,flashprefill_tail2,2,tail,last_block,115,1.5576324967976214,1.5528683095633902,-0.00476418723423114,-0.0023931711912155,0.12707296609878535,0.30927638769149773,0.5142536163330078,0.0,0.003798086293055183,0.9565217391304348
yarn4,4096,flashprefill_tail2,2,tail,penultimate_block,128,2.2687515032466337,2.255704557007503,-0.013046946239130717,-9.71757108345383e-05,0.16441699266433712,0.41224579572677683,0.5720682144165039,0.0,0.005841718040044364,0.9921875
yarn4,4096,flashprefill_tail2,3,early,earlier,128,1.7345035267536382,1.7369756033418575,0.0024720765882193544,-5.937181413173676e-08,0.0847939439117907,0.11732056617736816,0.1219744682312011,0.0,0.0007326448329797536,0.984375
yarn4,4096,flashprefill_tail2,3,middle,earlier,128,1.327677554058873,1.3145401525001006,-0.013137401558772407,-0.00059341965243215,0.13768321573734266,0.24751213073730466,0.627011775970459,0.0,0.0059219640499252445,0.9453125
yarn4,4096,flashprefill_tail2,3,tail,earlier,269,2.112821280923487,2.1351759512174997,0.022354670294073994,-1.4305076092568925e-06,0.37394037246704104,1.1781667137145995,1.9823737144470213,0.01486988847583643,0.025236733802293836,0.9107806691449815
yarn4,4096,flashprefill_tail2,3,tail,last_block,115,2.3091828653616098,2.3112041217221186,0.0020212563605088328,-0.0001302249729633,0.14999983310699455,0.1928120255470275,0.3452882766723633,0.0,0.002342924973551934,0.991304347826087
yarn4,4096,flashprefill_tail2,3,tail,penultimate_block,128,2.1499736293815204,2.1451555348171496,-0.004818094564370766,-0.0001269545173272111,0.13357681035995453,0.27745060920715336,0.3638501167297363,0.0,0.0034940078784106553,0.953125
yarn4,8192,flashprefill_tail0,0,early,earlier,128,1.8660310588204538,1.8731211339057836,0.007090075085329768,5.820736987516284e-06,0.10759969949722281,0.1675358247756959,0.2455401420593261,0.0,0.0016977535591728603,0.9765625
yarn4,8192,flashprefill_tail0,0,late,earlier,121,2.7739395414873047,2.7793898686204783,0.005450327710439696,-0.0035758018493652,0.9037175178527832,1.8484543800353976,2.729384422302246,0.024793388429752067,0.05789771459817686,0.9338842975206612
yarn4,8192,flashprefill_tail0,0,middle,earlier,128,1.6555010238913752,1.6270712266946,-0.02842979723952154,-0.00088541139848525,0.1533223748207092,0.6051374197006234,0.7537689208984375,0.0,0.018347723786126438,0.9609375
yarn4,8192,flashprefill_tail0,0,tail,earlier,269,2.1849786701405622,2.191905257826209,0.006926587683699083,-7.902194920461625e-05,0.3261303901672363,0.7196644783020019,2.1510934829711914,0.007434944237918215,0.019893535946663862,0.9219330855018587
yarn4,8192,flashprefill_tail0,0,tail,last_block,115,1.7208154696614952,1.7121123161781784,-0.00870315348230455,-0.0004902731161564,0.28772227764129626,0.7033827066421506,0.751866340637207,0.0,0.01232470580814355,0.9391304347826087
yarn4,8192,flashprefill_tail0,0,tail,penultimate_block,128,1.8927114561112786,1.8821033564890506,-0.01060809962228503,-0.0004465861129574,0.2636410474777221,0.3417238473892212,0.3824186325073242,0.0,0.013180150293176275,0.9609375
yarn4,8192,flashprefill_tail0,1,early,earlier,128,1.3119023109814965,1.3149624541053857,0.0030601431238892495,-2.2401902242563665e-05,0.09079663753509508,0.14838743925094616,0.3239839076995849,0.0,0.0011392505664795946,0.953125
yarn4,8192,flashprefill_tail0,1,late,earlier,128,2.2393889116469836,2.241801590656422,0.002412679002162581,7.752387318760157e-07,0.3020071506500243,0.7815449786186224,1.423039436340332,0.0078125,0.02913498421920386,0.9296875
yarn4,8192,flashprefill_tail0,1,middle,earlier,128,1.3844491981237326,1.3456059397819686,-0.03884325857459457,-0.00148109300062055,0.1039801031351089,0.2414105510711671,1.9078307151794436,0.0078125,0.019306537678451315,0.953125
yarn4,8192,flashprefill_tail0,1,tail,earlier,269,2.1686298777826845,2.248135078063649,0.07950520007926608,2.0026431229780428e-05,0.8114147663116454,1.3887844848632809,2.3374195098876958,0.026022304832713755,0.05115117302221608,0.9182156133828996
yarn4,8192,flashprefill_tail0,1,tail,last_block,115,2.3106895792976263,2.2825630731264424,-0.028126506333153327,-0.0055018253624439,0.26349153518676754,0.48550458788871764,0.5887012481689453,0.0,0.03093623863367053,0.9217391304347826
yarn4,8192,flashprefill_tail0,1,tail,penultimate_block,128,1.99351002504401,1.9930397331362357,-0.00047029190777436204,-0.00010827793448693206,0.32049632072448686,0.7183967626094827,1.4836339950561523,0.0078125,0.0358572816160105,0.9296875
yarn4,8192,flashprefill_tail0,2,early,earlier,128,1.848435293484755,1.84341690237396,-0.005018391110795052,-5.7218194342567585e-06,0.07799055576324457,0.19050726175308233,0.2328801155090332,0.0,0.0018580467793101868,0.9921875
yarn4,8192,flashprefill_tail0,2,late,earlier,128,1.6923765128941994,1.6861715698117479,-0.006204943082366303,-2.33620321523631e-05,0.236643528938293,0.47668570041656494,0.4812722206115722,0.0,0.009088044174715598,0.9375
yarn4,8192,flashprefill_tail0,2,middle,earlier,128,2.468733666683761,2.4871010440404575,0.01836737712568493,-0.0005394720938056,0.601544618606567,1.5179478657245664,2.301398754119873,0.0234375,0.05867214542387695,0.90625
yarn4,8192,flashprefill_tail0,2,tail,earlier,269,1.6761325866174532,1.6682071937053784,-0.007925392905153645,-0.0002061983104795,0.21122722625732415,0.482924575805664,2.8106513023376465,0.0037174721189591076,0.031268569035633555,0.9330855018587361
yarn4,8192,flashprefill_tail0,2,tail,last_block,115,1.2841744985817216,1.2948172533925295,0.010642754810807833,-5.923888238612562e-05,0.2501335620880127,0.7317404127120972,1.3521571159362793,0.008695652173913044,0.01958991350749147,0.9391304347826087
yarn4,8192,flashprefill_tail0,2,tail,penultimate_block,128,2.0734050020342494,2.060785850237089,-0.012619151918123347,-0.0003136379455099,0.3660255551338195,0.6317440271377568,0.8726000785827637,0.0,0.029787125388702724,0.96875
yarn4,8192,flashprefill_tail0,3,early,earlier,128,1.0885455472301806,1.0841657505471773,-0.004379796683003254,-1.1324564184178598e-06,0.05646892189979548,0.10997244119644166,0.1242127418518066,0.0,0.001016870059424163,0.984375
yarn4,8192,flashprefill_tail0,3,late,earlier,128,2.0105697427931255,2.081449029791252,0.07087928702677715,0.00760674290359015,0.5856669902801507,1.0127337265014653,1.050701141357422,0.015625,0.04450855536936511,0.9453125
yarn4,8192,flashprefill_tail0,3,middle,earlier,128,2.0052057298300365,2.05867768511367,0.053471955509188256,0.0023539965040980998,0.4136807441711425,1.1483579492568992,1.5017738342285156,0.015625,0.022708620001863314,0.9375
yarn4,8192,flashprefill_tail0,3,tail,earlier,269,1.994214201404288,2.000830929069122,0.006616727661372815,-1.3947084880783224e-05,0.40196580886840816,0.7337232780456543,0.7601943016052246,0.0,0.02544435595233618,0.9182156133828996
yarn4,8192,flashprefill_tail0,3,tail,last_block,115,2.0657678951509295,2.0935327330642157,0.027764838690737915,-0.000154219509568,0.48893797397613503,1.258146135807037,1.398545503616333,0.017391304347826087,0.044694386939669956,0.9130434782608695
yarn4,8192,flashprefill_tail0,3,tail,penultimate_block,128,2.175852770938757,2.158936343454112,-0.01691642725181451,-0.0046169464476406,0.4334566146135329,0.6617659521102907,0.6907246112823486,0.0,0.033173150490831964,0.8671875
yarn4,8192,flashprefill_tail1,0,early,earlier,128,1.8660310588204538,1.8731211339057836,0.007090075085329768,5.820736987516284e-06,0.10759969949722281,0.1675358247756959,0.2455401420593261,0.0,0.0016977535591728603,0.9765625
yarn4,8192,flashprefill_tail1,0,late,earlier,121,2.7739395414873047,2.7793898686204783,0.005450327710439696,-0.0035758018493652,0.9037175178527832,1.8484543800353976,2.729384422302246,0.024793388429752067,0.05789771459817686,0.9338842975206612
yarn4,8192,flashprefill_tail1,0,middle,earlier,128,1.6555010238913752,1.6270712266946,-0.02842979723952154,-0.00088541139848525,0.1533223748207092,0.6051374197006234,0.7537689208984375,0.0,0.018347723786126438,0.9609375
yarn4,8192,flashprefill_tail1,0,tail,earlier,269,2.1849786701405622,2.191905257826209,0.006926587683699083,-7.902194920461625e-05,0.3261303901672363,0.7196644783020019,2.1510934829711914,0.007434944237918215,0.019893535946663862,0.9219330855018587
yarn4,8192,flashprefill_tail1,0,tail,last_block,115,1.7208154696614952,1.7198999863000588,-0.0009154833614344222,-5.4835591072333045e-06,0.21802854537963856,0.28859092712402346,0.4794902801513672,0.0,0.006443841855722472,0.9739130434782609
yarn4,8192,flashprefill_tail1,0,tail,penultimate_block,128,1.8927114561112786,1.8821033564890506,-0.01060809962228503,-0.0004465861129574,0.2636410474777221,0.3417238473892212,0.3824186325073242,0.0,0.013180150293176275,0.9609375
yarn4,8192,flashprefill_tail1,1,early,earlier,128,1.3119023109814965,1.3149624541053857,0.0030601431238892495,-2.2401902242563665e-05,0.09079663753509508,0.14838743925094616,0.3239839076995849,0.0,0.0011392505664795946,0.953125
yarn4,8192,flashprefill_tail1,1,late,earlier,128,2.2393889116469836,2.241801590656422,0.002412679002162581,7.752387318760157e-07,0.3020071506500243,0.7815449786186224,1.423039436340332,0.0078125,0.02913498421920386,0.9296875
yarn4,8192,flashprefill_tail1,1,middle,earlier,128,1.3844491981237326,1.3456059397819686,-0.03884325857459457,-0.00148109300062055,0.1039801031351089,0.2414105510711671,1.9078307151794436,0.0078125,0.019306537678451315,0.953125
yarn4,8192,flashprefill_tail1,1,tail,earlier,269,2.1686298777826845,2.248135078063649,0.07950520007926608,2.0026431229780428e-05,0.8114147663116454,1.3887844848632809,2.3374195098876958,0.026022304832713755,0.05115117302221608,0.9182156133828996
yarn4,8192,flashprefill_tail1,1,tail,last_block,115,2.3106895792976263,2.323575142918676,0.012885563621049463,0.000240430352278,0.2188783168792724,0.29680649638175954,0.5281801223754883,0.0,0.007426242533430243,0.9391304347826087
yarn4,8192,flashprefill_tail1,1,tail,penultimate_block,128,1.99351002504401,1.9930397331362357,-0.00047029190777436204,-0.00010827793448693206,0.32049632072448686,0.7183967626094827,1.4836339950561523,0.0078125,0.0358572816160105,0.9296875
yarn4,8192,flashprefill_tail1,2,early,earlier,128,1.848435293484755,1.84341690237396,-0.005018391110795052,-5.7218194342567585e-06,0.07799055576324457,0.19050726175308233,0.2328801155090332,0.0,0.0018580467793101868,0.9921875
yarn4,8192,flashprefill_tail1,2,late,earlier,128,1.6923765128941994,1.6861715698117479,-0.006204943082366303,-2.33620321523631e-05,0.236643528938293,0.47668570041656494,0.4812722206115722,0.0,0.009088044174715598,0.9375
yarn4,8192,flashprefill_tail1,2,middle,earlier,128,2.468733666683761,2.4871010440404575,0.01836737712568493,-0.0005394720938056,0.601544618606567,1.5179478657245664,2.301398754119873,0.0234375,0.05867214542387695,0.90625
yarn4,8192,flashprefill_tail1,2,tail,earlier,269,1.6761325866174532,1.6682071937053784,-0.007925392905153645,-0.0002061983104795,0.21122722625732415,0.482924575805664,2.8106513023376465,0.0037174721189591076,0.031268569035633555,0.9330855018587361
yarn4,8192,flashprefill_tail1,2,tail,last_block,115,1.2841744985817216,1.3104670031106609,0.02629250452893916,-7.225328590720892e-05,0.24820995330810539,0.7730311727523802,1.459822654724121,0.008695652173913044,0.013505391945766018,0.9217391304347826
yarn4,8192,flashprefill_tail1,2,tail,penultimate_block,128,2.0734050020342494,2.060785850237089,-0.012619151918123347,-0.0003136379455099,0.3660255551338195,0.6317440271377568,0.8726000785827637,0.0,0.029787125388702724,0.96875
yarn4,8192,flashprefill_tail1,3,early,earlier,128,1.0885455472301806,1.0841657505471773,-0.004379796683003254,-1.1324564184178598e-06,0.05646892189979548,0.10997244119644166,0.1242127418518066,0.0,0.001016870059424163,0.984375
yarn4,8192,flashprefill_tail1,3,late,earlier,128,2.0105697427931255,2.081449029791252,0.07087928702677715,0.00760674290359015,0.5856669902801507,1.0127337265014653,1.050701141357422,0.015625,0.04450855536936511,0.9453125
yarn4,8192,flashprefill_tail1,3,middle,earlier,128,2.0052057298300365,2.05867768511367,0.053471955509188256,0.0023539965040980998,0.4136807441711425,1.1483579492568992,1.5017738342285156,0.015625,0.022708620001863314,0.9375
yarn4,8192,flashprefill_tail1,3,tail,earlier,269,1.994214201404288,2.000830929069122,0.006616727661372815,-1.3947084880783224e-05,0.40196580886840816,0.7337232780456543,0.7601943016052246,0.0,0.02544435595233618,0.9182156133828996
yarn4,8192,flashprefill_tail1,3,tail,last_block,115,2.0657678951509295,2.059327715807898,-0.006440179343031628,-0.0040974915027618,0.21923801898956283,0.36610742568969723,0.8759212493896484,0.0,0.00823911031762073,0.9826086956521739
yarn4,8192,flashprefill_tail1,3,tail,penultimate_block,128,2.175852770938757,2.158936343454112,-0.01691642725181451,-0.0046169464476406,0.4334566146135329,0.6617659521102907,0.6907246112823486,0.0,0.033173150490831964,0.8671875
yarn4,8192,flashprefill_tail2,0,early,earlier,128,1.8660310588204538,1.8731211339057836,0.007090075085329768,5.820736987516284e-06,0.10759969949722281,0.1675358247756959,0.2455401420593261,0.0,0.0016977535591728603,0.9765625
yarn4,8192,flashprefill_tail2,0,late,earlier,121,2.7739395414873047,2.7793898686204783,0.005450327710439696,-0.0035758018493652,0.9037175178527832,1.8484543800353976,2.729384422302246,0.024793388429752067,0.05789771459817686,0.9338842975206612
yarn4,8192,flashprefill_tail2,0,middle,earlier,128,1.6555010238913752,1.6270712266946,-0.02842979723952154,-0.00088541139848525,0.1533223748207092,0.6051374197006234,0.7537689208984375,0.0,0.018347723786126438,0.9609375
yarn4,8192,flashprefill_tail2,0,tail,earlier,269,2.1849786701405622,2.191905257826209,0.006926587683699083,-7.902194920461625e-05,0.3261303901672363,0.7196644783020019,2.1510934829711914,0.007434944237918215,0.019893535946663862,0.9219330855018587
yarn4,8192,flashprefill_tail2,0,tail,last_block,115,1.7208154696614952,1.725776132846107,0.004960663184613666,-7.519044447690248e-05,0.23122106790542593,0.2743034553527832,0.2796974182128906,0.0,0.005279858979031321,0.9652173913043478
yarn4,8192,flashprefill_tail2,0,tail,penultimate_block,128,1.8927114561112786,1.895342275316418,0.002630819205139195,-0.00010968640708595,0.15374104976654043,0.4273398971557624,0.480349063873291,0.0,0.0062800497460048935,0.9921875
yarn4,8192,flashprefill_tail2,1,early,earlier,128,1.3119023109814965,1.3149624541053857,0.0030601431238892495,-2.2401902242563665e-05,0.09079663753509508,0.14838743925094616,0.3239839076995849,0.0,0.0011392505664795946,0.953125
yarn4,8192,flashprefill_tail2,1,late,earlier,128,2.2393889116469836,2.241801590656422,0.002412679002162581,7.752387318760157e-07,0.3020071506500243,0.7815449786186224,1.423039436340332,0.0078125,0.02913498421920386,0.9296875
yarn4,8192,flashprefill_tail2,1,middle,earlier,128,1.3844491981237326,1.3456059397819686,-0.03884325857459457,-0.00148109300062055,0.1039801031351089,0.2414105510711671,1.9078307151794436,0.0078125,0.019306537678451315,0.953125
yarn4,8192,flashprefill_tail2,1,tail,earlier,269,2.1686298777826845,2.248135078063649,0.07950520007926608,2.0026431229780428e-05,0.8114147663116454,1.3887844848632809,2.3374195098876958,0.026022304832713755,0.05115117302221608,0.9182156133828996
yarn4,8192,flashprefill_tail2,1,tail,last_block,115,2.3106895792976263,2.315355937914422,0.004666358616795269,-7.793499389663339e-05,0.19207369685173026,0.3063989168405532,0.559391975402832,0.0,0.005268553757243463,0.9217391304347826
yarn4,8192,flashprefill_tail2,1,tail,penultimate_block,128,1.99351002504401,2.0121569798233736,0.01864695477936351,9.490267257203772e-05,0.2209591388702391,0.3281727385520938,0.4389814138412475,0.0,0.007587577593115529,0.9453125
yarn4,8192,flashprefill_tail2,2,early,earlier,128,1.848435293484755,1.84341690237396,-0.005018391110795052,-5.7218194342567585e-06,0.07799055576324457,0.19050726175308233,0.2328801155090332,0.0,0.0018580467793101868,0.9921875
yarn4,8192,flashprefill_tail2,2,late,earlier,128,1.6923765128941994,1.6861715698117479,-0.006204943082366303,-2.33620321523631e-05,0.236643528938293,0.47668570041656494,0.4812722206115722,0.0,0.009088044174715598,0.9375
yarn4,8192,flashprefill_tail2,2,middle,earlier,128,2.468733666683761,2.4871010440404575,0.01836737712568493,-0.0005394720938056,0.601544618606567,1.5179478657245664,2.301398754119873,0.0234375,0.05867214542387695,0.90625
yarn4,8192,flashprefill_tail2,2,tail,earlier,269,1.6761325866174532,1.6682071937053784,-0.007925392905153645,-0.0002061983104795,0.21122722625732415,0.482924575805664,2.8106513023376465,0.0037174721189591076,0.031268569035633555,0.9330855018587361
yarn4,8192,flashprefill_tail2,2,tail,last_block,115,1.2841744985817216,1.282515777113788,-0.001658721467933689,-0.000604985281825,0.1265734672546386,0.34706903457641597,0.3919421434402466,0.0,0.004202761052016227,0.9478260869565217
yarn4,8192,flashprefill_tail2,2,tail,penultimate_block,128,2.0734050020342494,2.103075609943648,0.029670607909398683,-1.3015182048548013e-05,0.4128717243671415,0.7941867542266857,1.0547170639038086,0.0078125,0.010844201255358635,0.9609375
yarn4,8192,flashprefill_tail2,3,early,earlier,128,1.0885455472301806,1.0841657505471773,-0.004379796683003254,-1.1324564184178598e-06,0.05646892189979548,0.10997244119644166,0.1242127418518066,0.0,0.001016870059424163,0.984375
yarn4,8192,flashprefill_tail2,3,late,earlier,128,2.0105697427931255,2.081449029791252,0.07087928702677715,0.00760674290359015,0.5856669902801507,1.0127337265014653,1.050701141357422,0.015625,0.04450855536936511,0.9453125
yarn4,8192,flashprefill_tail2,3,middle,earlier,128,2.0052057298300365,2.05867768511367,0.053471955509188256,0.0023539965040980998,0.4136807441711425,1.1483579492568992,1.5017738342285156,0.015625,0.022708620001863314,0.9375
yarn4,8192,flashprefill_tail2,3,tail,earlier,269,1.994214201404288,2.000830929069122,0.006616727661372815,-1.3947084880783224e-05,0.40196580886840816,0.7337232780456543,0.7601943016052246,0.0,0.02544435595233618,0.9182156133828996
yarn4,8192,flashprefill_tail2,3,tail,last_block,115,2.0657678951509295,2.051910610822708,-0.013857284328222025,-0.003112256526947,0.11782255172729482,0.23027585983276364,1.0623722076416016,0.008695652173913044,0.006215809446530288,0.9826086956521739
yarn4,8192,flashprefill_tail2,3,tail,penultimate_block,128,2.175852770938757,2.188265681965417,0.012412911026659756,7.47388694435358e-05,0.15596584081649778,0.3327090930938725,0.4033093452453613,0.0,0.005345646093000432,0.96875
yarn4,16384,flashprefill_tail0,0,early,earlier,128,1.4751564866835736,1.479275074890296,0.004118588206722508,-5.483183485921473e-06,0.17671319246292105,0.3165262806415558,0.3843221664428711,0.0,0.005612690121767422,0.96875
yarn4,16384,flashprefill_tail0,0,late,earlier,128,1.6629003219139733,1.6689156286387767,0.0060153067566393135,-0.00117884681094435,0.4209533691406246,0.6108605241775515,0.7418992519378662,0.0,0.01558832000614725,0.9375
yarn4,16384,flashprefill_tail0,0,middle,earlier,128,1.6872376591952118,1.6959858513619395,0.008748192166955004,-0.00021254802413745003,0.24764335155487052,0.7090383362770084,0.7484543323516846,0.0,0.015041279287465193,0.953125
yarn4,16384,flashprefill_tail0,0,tail,earlier,269,1.7777039272068071,1.7766171784432063,-0.0010867488726048426,-8.343195077031851e-07,0.3608668327331543,0.6168967819213867,1.04960036277771,0.0037174721189591076,0.02099406128886963,0.9553903345724907
yarn4,16384,flashprefill_tail0,0,tail,last_block,115,1.8472074014669686,1.8133675760468972,-0.033839825420071294,-0.0050201714038848,0.239368975162506,0.6276895523071288,0.6707429885864258,0.0,0.015951019776647063,0.9565217391304348
yarn4,16384,flashprefill_tail0,0,tail,penultimate_block,128,1.9660221517904048,1.9600673243708773,-0.005954827417253834,-0.0003330287581775,0.29219998121261553,0.5640674018859864,0.6807007789611816,0.0,0.025201121929653025,0.9140625
yarn4,16384,flashprefill_tail0,1,early,earlier,128,2.1812147331593774,2.189676487423995,0.008461754264615715,-0.00023403030354525,0.22899923920631382,0.5048389840126043,0.9323348999023438,0.0,0.008879013579503114,0.9765625
yarn4,16384,flashprefill_tail0,1,late,earlier,128,1.6105617736544513,1.676554860795557,0.06599308692294771,-4.367222391010728e-05,0.723294448852539,1.6455057907104504,3.165128231048584,0.03125,0.08640451641544984,0.9140625
yarn4,16384,flashprefill_tail0,1,middle,earlier,128,1.8796764964432136,1.8694606942677456,-0.01021580230620777,-0.0040368773043155,0.37980238348245543,0.6452020466327671,0.729893684387207,0.0,0.03906899006217364,0.9140625
yarn4,16384,flashprefill_tail0,1,tail,earlier,269,1.5913490442791571,1.6058137545958044,0.0144647103305229,0.000318206846714,0.32020673751831047,0.6296756172180166,1.2785558700561523,0.0037174721189591076,0.01833100309175957,0.9256505576208178
yarn4,16384,flashprefill_tail0,1,tail,last_block,115,1.768748125871722,1.758496808395503,-0.010251317731178013,-0.0006966083310544,0.5311486721038816,1.0718681287765501,1.191420078277588,0.017391304347826087,0.04898133800072031,0.9043478260869565
yarn4,16384,flashprefill_tail0,1,tail,penultimate_block,128,1.41652365585519,1.4147735716118603,-0.0017500844743341007,-0.00014309016842155,0.28361935615539496,0.5266886878013615,1.0880932807922363,0.0078125,0.01610384564677188,0.9765625
yarn4,16384,flashprefill_tail0,2,early,earlier,128,2.36079940976029,2.374450613768232,0.013651204002485436,-0.0007732212543486999,0.15196847915649386,0.7123489284515396,2.7821083068847656,0.0078125,0.01710670598203685,0.9375
yarn4,16384,flashprefill_tail0,2,late,earlier,128,1.8281636464723192,1.7823205208204698,-0.045843126117688364,-0.0006380483973771,0.40449159741401625,0.8018482208251957,0.883582353591919,0.0,0.1387316259402613,0.9140625
yarn4,16384,flashprefill_tail0,2,middle,earlier,128,1.4696933272908055,1.4769087582332077,0.0072154309424021824,-3.887312050210312e-05,0.2397321701049804,1.1230469846725475,1.545680046081543,0.015625,0.02137083273935221,0.9140625
yarn4,16384,flashprefill_tail0,2,tail,earlier,269,1.3130912629111828,1.3209561542811517,0.007864892215386415,-0.000419592950493,0.47240113615989665,1.0104310178756697,2.04008150100708,0.011152416356877323,0.07729316356463033,0.8847583643122676
yarn4,16384,flashprefill_tail0,2,tail,last_block,115,1.3568726867790524,1.3299509795273519,-0.02692170751074824,-0.0027484893798828,0.3739012479782104,0.6478430128097533,0.923304557800293,0.0,0.034030941324513495,0.9478260869565217
yarn4,16384,flashprefill_tail0,2,tail,penultimate_block,128,1.3944306561269855,1.4033043352513062,0.008873678651383448,-2.982359001180157e-05,0.3316212415695188,0.4890614080429077,0.4979052543640136,0.0,0.019589463933017703,0.9453125
yarn4,16384,flashprefill_tail0,3,early,earlier,128,1.4490631762730004,1.4513514849485176,0.0022883086755172127,1.535617047920823e-05,0.1265958070755004,0.23922012090683004,0.4504523277282715,0.0,0.0038408258895507724,0.9765625
yarn4,16384,flashprefill_tail0,3,late,earlier,128,0.7362300010712346,0.7609512953714557,0.024721294604205465,-8.293190330728273e-05,0.5084455341100685,1.3678345370292682,7.56630802154541,0.0234375,0.14103661665032513,0.9140625
yarn4,16384,flashprefill_tail0,3,middle,earlier,128,2.2005030431927963,2.2435958410041508,0.04309279792776977,-0.0013393068220466,0.5250779390335074,1.4000894403457644,1.6520733833312988,0.03125,0.03767336723202948,0.90625
yarn4,16384,flashprefill_tail0,3,tail,earlier,269,1.8894013075299523,1.9017438682277623,0.012342560639548316,1.0728836059570312e-06,0.4111806869506834,0.9621336364746093,2.6211674213409424,0.007434944237918215,0.029577765871265073,0.8847583643122676
yarn4,16384,flashprefill_tail0,3,tail,last_block,115,2.1968820953773305,2.1983623079504784,0.0014802133505999525,-0.0055165141820907,0.5127429008483886,1.9859539222717282,2.274343967437744,0.02608695652173913,0.05438646008641345,0.8782608695652174
yarn4,16384,flashprefill_tail0,3,tail,penultimate_block,128,1.8821782349156422,1.8717487886995343,-0.010429446216107861,-0.0005173789686523001,0.3890013486146923,0.8887125742435471,1.6449435949325562,0.0078125,0.04392913176704556,0.890625
yarn4,16384,flashprefill_tail1,0,early,earlier,128,1.4751564866835736,1.479275074890296,0.004118588206722508,-5.483183485921473e-06,0.17671319246292105,0.3165262806415558,0.3843221664428711,0.0,0.005612690121767422,0.96875
yarn4,16384,flashprefill_tail1,0,late,earlier,128,1.6629003219139733,1.6689156286387767,0.0060153067566393135,-0.00117884681094435,0.4209533691406246,0.6108605241775515,0.7418992519378662,0.0,0.01558832000614725,0.9375
yarn4,16384,flashprefill_tail1,0,middle,earlier,128,1.6872376591952118,1.6959858513619395,0.008748192166955004,-0.00021254802413745003,0.24764335155487052,0.7090383362770084,0.7484543323516846,0.0,0.015041279287465193,0.953125
yarn4,16384,flashprefill_tail1,0,tail,earlier,269,1.7777039272068071,1.7766171784432063,-0.0010867488726048426,-8.343195077031851e-07,0.3608668327331543,0.6168967819213867,1.04960036277771,0.0037174721189591076,0.02099406128886963,0.9553903345724907
yarn4,16384,flashprefill_tail1,0,tail,last_block,115,1.8472074014669686,1.8437634595965173,-0.0034439418704511277,-0.0002953112125396,0.23640332221984856,0.3976156568527221,0.4745142459869385,0.0,0.01070340831568944,0.9565217391304348
yarn4,16384,flashprefill_tail1,0,tail,penultimate_block,128,1.9660221517904048,1.9600673243708773,-0.005954827417253834,-0.0003330287581775,0.29219998121261553,0.5640674018859864,0.6807007789611816,0.0,0.025201121929653025,0.9140625
yarn4,16384,flashprefill_tail1,1,early,earlier,128,2.1812147331593774,2.189676487423995,0.008461754264615715,-0.00023403030354525,0.22899923920631382,0.5048389840126043,0.9323348999023438,0.0,0.008879013579503114,0.9765625
yarn4,16384,flashprefill_tail1,1,late,earlier,128,1.6105617736544513,1.676554860795557,0.06599308692294771,-4.367222391010728e-05,0.723294448852539,1.6455057907104504,3.165128231048584,0.03125,0.08640451641544984,0.9140625
yarn4,16384,flashprefill_tail1,1,middle,earlier,128,1.8796764964432136,1.8694606942677456,-0.01021580230620777,-0.0040368773043155,0.37980238348245543,0.6452020466327671,0.729893684387207,0.0,0.03906899006217364,0.9140625
yarn4,16384,flashprefill_tail1,1,tail,earlier,269,1.5913490442791571,1.6058137545958044,0.0144647103305229,0.000318206846714,0.32020673751831047,0.6296756172180166,1.2785558700561523,0.0037174721189591076,0.01833100309175957,0.9256505576208178
yarn4,16384,flashprefill_tail1,1,tail,last_block,115,1.768748125871722,1.7580576319677617,-0.010690493903960329,2.741792741289828e-06,0.2905867397785186,0.41547195911407464,0.6107439994812012,0.0,0.014549464420037338,0.9478260869565217
yarn4,16384,flashprefill_tail1,1,tail,penultimate_block,128,1.41652365585519,1.4147735716118603,-0.0017500844743341007,-0.00014309016842155,0.28361935615539496,0.5266886878013615,1.0880932807922363,0.0078125,0.01610384564677188,0.9765625
yarn4,16384,flashprefill_tail1,2,early,earlier,128,2.36079940976029,2.374450613768232,0.013651204002485436,-0.0007732212543486999,0.15196847915649386,0.7123489284515396,2.7821083068847656,0.0078125,0.01710670598203685,0.9375
yarn4,16384,flashprefill_tail1,2,late,earlier,128,1.8281636464723192,1.7823205208204698,-0.045843126117688364,-0.0006380483973771,0.40449159741401625,0.8018482208251957,0.883582353591919,0.0,0.1387316259402613,0.9140625
yarn4,16384,flashprefill_tail1,2,middle,earlier,128,1.4696933272908055,1.4769087582332077,0.0072154309424021824,-3.887312050210312e-05,0.2397321701049804,1.1230469846725475,1.545680046081543,0.015625,0.02137083273935221,0.9140625
yarn4,16384,flashprefill_tail1,2,tail,earlier,269,1.3130912629111828,1.3209561542811517,0.007864892215386415,-0.000419592950493,0.47240113615989665,1.0104310178756697,2.04008150100708,0.011152416356877323,0.07729316356463033,0.8847583643122676
yarn4,16384,flashprefill_tail1,2,tail,last_block,115,1.3568726867790524,1.3606418886670169,0.003769201887964462,-0.0005599802825599,0.18088710308074937,0.4343865585327148,0.6346826553344727,0.0,0.007713063209255585,0.9478260869565217
yarn4,16384,flashprefill_tail1,2,tail,penultimate_block,128,1.3944306561269855,1.4033043352513062,0.008873678651383448,-2.982359001180157e-05,0.3316212415695188,0.4890614080429077,0.4979052543640136,0.0,0.019589463933017703,0.9453125
yarn4,16384,flashprefill_tail1,3,early,earlier,128,1.4490631762730004,1.4513514849485176,0.0022883086755172127,1.535617047920823e-05,0.1265958070755004,0.23922012090683004,0.4504523277282715,0.0,0.0038408258895507724,0.9765625
yarn4,16384,flashprefill_tail1,3,late,earlier,128,0.7362300010712346,0.7609512953714557,0.024721294604205465,-8.293190330728273e-05,0.5084455341100685,1.3678345370292682,7.56630802154541,0.0234375,0.14103661665032513,0.9140625
yarn4,16384,flashprefill_tail1,3,middle,earlier,128,2.2005030431927963,2.2435958410041508,0.04309279792776977,-0.0013393068220466,0.5250779390335074,1.4000894403457644,1.6520733833312988,0.03125,0.03767336723202948,0.90625
yarn4,16384,flashprefill_tail1,3,tail,earlier,269,1.8894013075299523,1.9017438682277623,0.012342560639548316,1.0728836059570312e-06,0.4111806869506834,0.9621336364746093,2.6211674213409424,0.007434944237918215,0.029577765871265073,0.8847583643122676
yarn4,16384,flashprefill_tail1,3,tail,last_block,115,2.1968820953773305,2.2577545442856324,0.060872449944904275,-0.000842809677124,0.7131330370902994,1.7992385816574095,4.205844402313232,0.05217391304347826,0.038076683644877686,0.9304347826086956
yarn4,16384,flashprefill_tail1,3,tail,penultimate_block,128,1.8821782349156422,1.8717487886995343,-0.010429446216107861,-0.0005173789686523001,0.3890013486146923,0.8887125742435471,1.6449435949325562,0.0078125,0.04392913176704556,0.890625
yarn4,16384,flashprefill_tail2,0,early,earlier,128,1.4751564866835736,1.479275074890296,0.004118588206722508,-5.483183485921473e-06,0.17671319246292105,0.3165262806415558,0.3843221664428711,0.0,0.005612690121767422,0.96875
yarn4,16384,flashprefill_tail2,0,late,earlier,128,1.6629003219139733,1.6689156286387767,0.0060153067566393135,-0.00117884681094435,0.4209533691406246,0.6108605241775515,0.7418992519378662,0.0,0.01558832000614725,0.9375
yarn4,16384,flashprefill_tail2,0,middle,earlier,128,1.6872376591952118,1.6959858513619395,0.008748192166955004,-0.00021254802413745003,0.24764335155487052,0.7090383362770084,0.7484543323516846,0.0,0.015041279287465193,0.953125
yarn4,16384,flashprefill_tail2,0,tail,earlier,269,1.7777039272068071,1.7766171784432063,-0.0010867488726048426,-8.343195077031851e-07,0.3608668327331543,0.6168967819213867,1.04960036277771,0.0037174721189591076,0.02099406128886963,0.9553903345724907
yarn4,16384,flashprefill_tail2,0,tail,last_block,115,1.8472074014669686,1.8403042385953066,-0.006903162871661976,-0.0002877862425521,0.2521802902221679,0.36520400047302237,0.4260768890380859,0.0,0.007536597766314147,1.0
yarn4,16384,flashprefill_tail2,0,tail,penultimate_block,128,1.9660221517904048,1.9691907497770416,0.0031685979866367233,-0.00044438615441315,0.26259789466857886,0.5539233088493349,1.080488204956055,0.0078125,0.016302027936539745,0.953125
yarn4,16384,flashprefill_tail2,1,early,earlier,128,2.1812147331593774,2.189676487423995,0.008461754264615715,-0.00023403030354525,0.22899923920631382,0.5048389840126043,0.9323348999023438,0.0,0.008879013579503114,0.9765625
yarn4,16384,flashprefill_tail2,1,late,earlier,128,1.6105617736544513,1.676554860795557,0.06599308692294771,-4.367222391010728e-05,0.723294448852539,1.6455057907104504,3.165128231048584,0.03125,0.08640451641544984,0.9140625
yarn4,16384,flashprefill_tail2,1,middle,earlier,128,1.8796764964432136,1.8694606942677456,-0.01021580230620777,-0.0040368773043155,0.37980238348245543,0.6452020466327671,0.729893684387207,0.0,0.03906899006217364,0.9140625
yarn4,16384,flashprefill_tail2,1,tail,earlier,269,1.5913490442791571,1.6058137545958044,0.0144647103305229,0.000318206846714,0.32020673751831047,0.6296756172180166,1.2785558700561523,0.0037174721189591076,0.01833100309175957,0.9256505576208178
yarn4,16384,flashprefill_tail2,1,tail,last_block,115,1.768748125871722,1.771238781073164,0.0024906552014420415,-2.7412024792283773e-06,0.29229791164398183,0.4245444965362548,0.454575777053833,0.0,0.009074043204159263,0.9478260869565217
yarn4,16384,flashprefill_tail2,1,tail,penultimate_block,128,1.41652365585519,1.4225348323271652,0.006011176471975244,-7.211789124994539e-06,0.1846117973327635,0.41173559188842807,0.4552536010742187,0.0,0.008301998752688734,0.9765625
yarn4,16384,flashprefill_tail2,2,early,earlier,128,2.36079940976029,2.374450613768232,0.013651204002485436,-0.0007732212543486999,0.15196847915649386,0.7123489284515396,2.7821083068847656,0.0078125,0.01710670598203685,0.9375
yarn4,16384,flashprefill_tail2,2,late,earlier,128,1.8281636464723192,1.7823205208204698,-0.045843126117688364,-0.0006380483973771,0.40449159741401625,0.8018482208251957,0.883582353591919,0.0,0.1387316259402613,0.9140625
yarn4,16384,flashprefill_tail2,2,middle,earlier,128,1.4696933272908055,1.4769087582332077,0.0072154309424021824,-3.887312050210312e-05,0.2397321701049804,1.1230469846725475,1.545680046081543,0.015625,0.02137083273935221,0.9140625
yarn4,16384,flashprefill_tail2,2,tail,earlier,269,1.3130912629111828,1.3209561542811517,0.007864892215386415,-0.000419592950493,0.47240113615989665,1.0104310178756697,2.04008150100708,0.011152416356877323,0.07729316356463033,0.8847583643122676
yarn4,16384,flashprefill_tail2,2,tail,last_block,115,1.3568726867790524,1.3684258444647006,0.011553157685648338,-0.0005732062272727,0.3061250746250152,0.361334421634674,0.7513093948364258,0.0,0.0069240194227690845,0.9391304347826087
yarn4,16384,flashprefill_tail2,2,tail,penultimate_block,128,1.3944306561269855,1.4100486539176416,0.015617997790542407,-6.019577995175496e-06,0.30127161741256697,0.5866351604461671,1.1732330322265625,0.0078125,0.013976312410008471,0.953125
yarn4,16384,flashprefill_tail2,3,early,earlier,128,1.4490631762730004,1.4513514849485176,0.0022883086755172127,1.535617047920823e-05,0.1265958070755004,0.23922012090683004,0.4504523277282715,0.0,0.0038408258895507724,0.9765625
yarn4,16384,flashprefill_tail2,3,late,earlier,128,0.7362300010712346,0.7609512953714557,0.024721294604205465,-8.293190330728273e-05,0.5084455341100685,1.3678345370292682,7.56630802154541,0.0234375,0.14103661665032513,0.9140625
yarn4,16384,flashprefill_tail2,3,middle,earlier,128,2.2005030431927963,2.2435958410041508,0.04309279792776977,-0.0013393068220466,0.5250779390335074,1.4000894403457644,1.6520733833312988,0.03125,0.03767336723202948,0.90625
yarn4,16384,flashprefill_tail2,3,tail,earlier,269,1.8894013075299523,1.9017438682277623,0.012342560639548316,1.0728836059570312e-06,0.4111806869506834,0.9621336364746093,2.6211674213409424,0.007434944237918215,0.029577765871265073,0.8847583643122676
yarn4,16384,flashprefill_tail2,3,tail,last_block,115,2.1968820953773305,2.2340428389551916,0.03716074461446387,-0.0004501342773437,0.5499597549438467,1.5076830434799193,3.641897201538086,0.034782608695652174,0.03177576960689566,0.9043478260869565
yarn4,16384,flashprefill_tail2,3,tail,penultimate_block,128,1.8821782349156422,1.9429586882946523,0.06078045431033274,2.2224279746296816e-05,0.3568324744701384,2.9794234645366773,4.318864822387695,0.0234375,0.055711702304243674,0.90625
yarn4,32768,flashprefill_tail0,0,early,earlier,128,1.6023095085352246,1.5804974668964071,-0.021812041929855752,-7.067685146466829e-05,0.19691333770751943,0.5125010347366343,1.8442976474761963,0.0078125,0.038379228792187935,0.9140625
yarn4,32768,flashprefill_tail0,0,late,earlier,128,2.232436065875987,2.2212016067384894,-0.01123445907933274,2.7296511689201e-05,0.35099707841873157,0.5109227848052981,0.8795676231384277,0.0,0.02928311811015756,0.921875
yarn4,32768,flashprefill_tail0,0,middle,earlier,128,1.8812525816687078,1.9001396049400334,0.01888702373698693,-0.0002306910755578,0.25877069234847994,1.439083781242374,3.0208899974823,0.015625,0.04265034479625136,0.9296875
yarn4,32768,flashprefill_tail0,0,tail,earlier,269,1.900673775708604,1.9148732818692134,0.014199505993028012,-9.522520122118294e-05,0.6514183044433592,1.0740207862854,1.570616602897644,0.01486988847583643,0.05287129062324917,0.8921933085501859
yarn4,32768,flashprefill_tail0,0,tail,last_block,115,1.0932992870023357,1.0604455392264862,-0.032853747782495606,-0.0011593210510909,0.5630458354949948,1.0440468597412111,1.4802730083465576,0.017391304347826087,0.039403342094010405,0.9304347826086956
yarn4,32768,flashprefill_tail0,0,tail,penultimate_block,128,1.1453111449047597,1.1723536628256994,0.027042517993670856,-0.00010840101458595306,0.5688905179500579,1.9905248785018954,2.781500816345215,0.0234375,0.04079937987275168,0.9296875
yarn4,32768,flashprefill_tail0,1,early,earlier,128,2.062756972527467,2.0473070657629364,-0.015449906764530383,-0.0026052305474877,0.1707474291324615,0.3818058061599733,0.5765647888183594,0.0,0.010630850240546288,0.953125
yarn4,32768,flashprefill_tail0,1,late,earlier,128,1.7599672852543051,1.8031762650427936,0.04320898002310969,0.00063781312201165,0.47861840724945015,0.7492570209503184,0.8267021179199219,0.0,0.021502425641557424,0.921875
yarn4,32768,flashprefill_tail0,1,middle,earlier,128,1.8575153823618393,1.8455915785589383,-0.011923803802901032,-0.00024366485013155,0.7544738411903374,1.4233697652816786,1.5982918739318848,0.0390625,0.060996984852091665,0.9140625
yarn4,32768,flashprefill_tail0,1,tail,earlier,269,1.697651670870952,1.725342148241831,0.02769047713637151,8.736147719901055e-05,0.425944709777832,1.0482672882080073,1.8373165130615237,0.01486988847583643,0.029149864021292965,0.9256505576208178
yarn4,32768,flashprefill_tail0,1,tail,last_block,115,1.6387486862564797,1.6026853327626867,-0.03606335350246096,-0.0010518981143832,0.24593292474746675,0.9430290412902831,1.290067434310913,0.017391304347826087,0.03227363282504757,0.8695652173913043
yarn4,32768,flashprefill_tail0,1,tail,penultimate_block,128,2.1761665498428044,2.174727172019118,-0.0014393778218675336,-2.867412695195526e-05,0.3942609786987302,0.9648932957649236,1.1691017150878906,0.0078125,0.04136099123967259,0.90625
yarn4,32768,flashprefill_tail0,2,early,earlier,128,1.8518320496547531,1.8370983792250044,-0.01473367042974871,-0.00010640828259054976,0.27042233943939203,0.4755097627639776,1.1314795017242432,0.0078125,0.011956961963643003,0.9453125
yarn4,32768,flashprefill_tail0,2,late,earlier,128,2.436029033284399,2.4801353030579776,0.04410626954074815,-4.228443140164018e-05,0.5673159956932061,1.0978675413131715,1.458806037902832,0.0234375,0.033314560953201025,0.9140625
yarn4,32768,flashprefill_tail0,2,middle,earlier,128,1.8032849978042833,1.7792764829889478,-0.02400851458250485,-0.00030766077543369996,0.3924605846405025,0.8498713564872751,1.4276833534240725,0.0078125,0.04437619498341046,0.9296875
yarn4,32768,flashprefill_tail0,2,tail,earlier,269,1.8412475489110056,1.8463565926462417,0.005109043403003397,2.085715823341161e-05,0.5903530836105346,0.9226818466186519,1.7211236953735352,0.007434944237918215,0.055112485448334955,0.8884758364312267
yarn4,32768,flashprefill_tail0,2,tail,last_block,115,2.075404186838928,2.136913994283844,0.061509807444915916,-2.932366624008864e-05,0.9074051856994628,1.4827470803260803,1.5523276329040527,0.043478260869565216,0.055537934526167294,0.8521739130434782
yarn4,32768,flashprefill_tail0,2,tail,penultimate_block,128,1.6383596287987867,1.7251555035159356,0.08679587438253833,5.48311045349692e-05,0.8575729131698605,1.1841664528846747,1.585996150970459,0.0234375,0.06847331600598312,0.8671875
yarn4,32768,flashprefill_tail0,3,early,earlier,128,2.5610288369659617,2.554974174471951,-0.006054662494010534,-0.000419385585701,0.2477000355720518,0.8557294583320635,1.0191750526428225,0.0078125,0.026852382805834418,0.9609375
yarn4,32768,flashprefill_tail0,3,late,earlier,128,1.696628062339144,1.7076817366632469,0.011053674324138278,-2.622549800435081e-06,0.476639710366725,1.3779073560237889,1.4468426704406738,0.0234375,0.048295832384552775,0.921875
yarn4,32768,flashprefill_tail0,3,middle,earlier,128,2.120326054184204,2.106558953299924,-0.013767100666001389,-0.0011477898806333,0.47975325584411604,0.7899620342254643,1.2445757389068604,0.0078125,0.03820512055906984,0.921875
yarn4,32768,flashprefill_tail0,3,tail,earlier,269,1.7234922998904088,1.7522909750523856,0.028798675459480196,4.768368171426119e-07,0.6352925539016723,1.4828839492797843,2.6102728843688965,0.026022304832713755,0.057727286208002646,0.8847583643122676
yarn4,32768,flashprefill_tail0,3,tail,last_block,115,1.8231045181738617,1.860518644981459,0.037414126809622056,-3.576276412786683e-07,0.47463423013687106,1.5637911486625669,1.7154446840286257,0.02608695652173913,0.060199713954802295,0.8608695652173913
yarn4,32768,flashprefill_tail0,3,tail,penultimate_block,128,1.4977676601713972,1.5168146945011998,0.01904703464539637,-5.172866440261714e-05,0.5989518225193012,1.5042827439308173,1.584180235862732,0.0234375,0.08605982963026722,0.84375
yarn4,32768,flashprefill_tail1,0,early,earlier,128,1.6023095085352246,1.5804974668964071,-0.021812041929855752,-7.067685146466829e-05,0.19691333770751943,0.5125010347366343,1.8442976474761963,0.0078125,0.038379228792187935,0.9140625
yarn4,32768,flashprefill_tail1,0,late,earlier,128,2.232436065875987,2.2212016067384894,-0.01123445907933274,2.7296511689201e-05,0.35099707841873157,0.5109227848052981,0.8795676231384277,0.0,0.02928311811015756,0.921875
yarn4,32768,flashprefill_tail1,0,middle,earlier,128,1.8812525816687078,1.9001396049400334,0.01888702373698693,-0.0002306910755578,0.25877069234847994,1.439083781242374,3.0208899974823,0.015625,0.04265034479625136,0.9296875
yarn4,32768,flashprefill_tail1,0,tail,earlier,269,1.900673775708604,1.9148732818692134,0.014199505993028012,-9.522520122118294e-05,0.6514183044433592,1.0740207862854,1.570616602897644,0.01486988847583643,0.05287129062324917,0.8921933085501859
yarn4,32768,flashprefill_tail1,0,tail,last_block,115,1.0932992870023357,1.0521662646182064,-0.041133022367928415,-0.0018517598509788,0.16395888328552233,0.5503571605682371,0.737886905670166,0.0,0.01438284480290266,0.9478260869565217
yarn4,32768,flashprefill_tail1,0,tail,penultimate_block,128,1.1453111449047597,1.1723536628256994,0.027042517993670856,-0.00010840101458595306,0.5688905179500579,1.9905248785018954,2.781500816345215,0.0234375,0.04079937987275168,0.9296875
yarn4,32768,flashprefill_tail1,1,early,earlier,128,2.062756972527467,2.0473070657629364,-0.015449906764530383,-0.0026052305474877,0.1707474291324615,0.3818058061599733,0.5765647888183594,0.0,0.010630850240546288,0.953125
yarn4,32768,flashprefill_tail1,1,late,earlier,128,1.7599672852543051,1.8031762650427936,0.04320898002310969,0.00063781312201165,0.47861840724945015,0.7492570209503184,0.8267021179199219,0.0,0.021502425641557424,0.921875
yarn4,32768,flashprefill_tail1,1,middle,earlier,128,1.8575153823618393,1.8455915785589383,-0.011923803802901032,-0.00024366485013155,0.7544738411903374,1.4233697652816786,1.5982918739318848,0.0390625,0.060996984852091665,0.9140625
yarn4,32768,flashprefill_tail1,1,tail,earlier,269,1.697651670870952,1.725342148241831,0.02769047713637151,8.736147719901055e-05,0.425944709777832,1.0482672882080073,1.8373165130615237,0.01486988847583643,0.029149864021292965,0.9256505576208178
yarn4,32768,flashprefill_tail1,1,tail,last_block,115,1.6387486862564797,1.6017772846716238,-0.03697140158435063,-0.0013617202639579,0.22145993709564205,0.2561346054077148,0.5182554721832275,0.0,0.01529210292589947,0.8956521739130435
yarn4,32768,flashprefill_tail1,1,tail,penultimate_block,128,2.1761665498428044,2.174727172019118,-0.0014393778218675336,-2.867412695195526e-05,0.3942609786987302,0.9648932957649236,1.1691017150878906,0.0078125,0.04136099123967259,0.90625
yarn4,32768,flashprefill_tail1,2,early,earlier,128,1.8518320496547531,1.8370983792250044,-0.01473367042974871,-0.00010640828259054976,0.27042233943939203,0.4755097627639776,1.1314795017242432,0.0078125,0.011956961963643003,0.9453125
yarn4,32768,flashprefill_tail1,2,late,earlier,128,2.436029033284399,2.4801353030579776,0.04410626954074815,-4.228443140164018e-05,0.5673159956932061,1.0978675413131715,1.458806037902832,0.0234375,0.033314560953201025,0.9140625
yarn4,32768,flashprefill_tail1,2,middle,earlier,128,1.8032849978042833,1.7792764829889478,-0.02400851458250485,-0.00030766077543369996,0.3924605846405025,0.8498713564872751,1.4276833534240725,0.0078125,0.04437619498341046,0.9296875
yarn4,32768,flashprefill_tail1,2,tail,earlier,269,1.8412475489110056,1.8463565926462417,0.005109043403003397,2.085715823341161e-05,0.5903530836105346,0.9226818466186519,1.7211236953735352,0.007434944237918215,0.055112485448334955,0.8884758364312267
yarn4,32768,flashprefill_tail1,2,tail,last_block,115,2.075404186838928,2.0861737586937914,0.010769571854863264,7.549196016043425e-05,0.46681929826736446,0.7412790036201475,0.939645528793335,0.0,0.02340135625916481,0.9130434782608695
yarn4,32768,flashprefill_tail1,2,tail,penultimate_block,128,1.6383596287987867,1.7251555035159356,0.08679587438253833,5.48311045349692e-05,0.8575729131698605,1.1841664528846747,1.585996150970459,0.0234375,0.06847331600598312,0.8671875
yarn4,32768,flashprefill_tail1,3,early,earlier,128,2.5610288369659617,2.554974174471951,-0.006054662494010534,-0.000419385585701,0.2477000355720518,0.8557294583320635,1.0191750526428225,0.0078125,0.026852382805834418,0.9609375
yarn4,32768,flashprefill_tail1,3,late,earlier,128,1.696628062339144,1.7076817366632469,0.011053674324138278,-2.622549800435081e-06,0.476639710366725,1.3779073560237889,1.4468426704406738,0.0234375,0.048295832384552775,0.921875
yarn4,32768,flashprefill_tail1,3,middle,earlier,128,2.120326054184204,2.106558953299924,-0.013767100666001389,-0.0011477898806333,0.47975325584411604,0.7899620342254643,1.2445757389068604,0.0078125,0.03820512055906984,0.921875
yarn4,32768,flashprefill_tail1,3,tail,earlier,269,1.7234922998904088,1.7522909750523856,0.028798675459480196,4.768368171426119e-07,0.6352925539016723,1.4828839492797843,2.6102728843688965,0.026022304832713755,0.057727286208002646,0.8847583643122676
yarn4,32768,flashprefill_tail1,3,tail,last_block,115,1.8231045181738617,1.8272913390931713,0.004186820919309636,-0.000164657831192,0.34391833543777456,0.6202123737335205,0.7208545207977295,0.0,0.02511012414275835,0.9391304347826087
yarn4,32768,flashprefill_tail1,3,tail,penultimate_block,128,1.4977676601713972,1.5168146945011998,0.01904703464539637,-5.172866440261714e-05,0.5989518225193012,1.5042827439308173,1.584180235862732,0.0234375,0.08605982963026722,0.84375
yarn4,32768,flashprefill_tail2,0,early,earlier,128,1.6023095085352246,1.5804974668964071,-0.021812041929855752,-7.067685146466829e-05,0.19691333770751943,0.5125010347366343,1.8442976474761963,0.0078125,0.038379228792187935,0.9140625
yarn4,32768,flashprefill_tail2,0,late,earlier,128,2.232436065875987,2.2212016067384894,-0.01123445907933274,2.7296511689201e-05,0.35099707841873157,0.5109227848052981,0.8795676231384277,0.0,0.02928311811015756,0.921875
yarn4,32768,flashprefill_tail2,0,middle,earlier,128,1.8812525816687078,1.9001396049400334,0.01888702373698693,-0.0002306910755578,0.25877069234847994,1.439083781242374,3.0208899974823,0.015625,0.04265034479625136,0.9296875
yarn4,32768,flashprefill_tail2,0,tail,earlier,269,1.900673775708604,1.9148732818692134,0.014199505993028012,-9.522520122118294e-05,0.6514183044433592,1.0740207862854,1.570616602897644,0.01486988847583643,0.05287129062324917,0.8921933085501859
yarn4,32768,flashprefill_tail2,0,tail,last_block,115,1.0932992870023357,1.0458940383846707,-0.04740524861823438,-0.0019706357270479,0.143322330713272,0.34706674575805657,0.4687337875366211,0.0,0.012542266214189614,0.9652173913043478
yarn4,32768,flashprefill_tail2,0,tail,penultimate_block,128,1.1453111449047597,1.116135848232446,-0.029175296657420795,-0.00024069644859985,0.1754157304763793,0.6150503897666938,1.4858417510986328,0.0078125,0.013780430493528463,0.9453125
yarn4,32768,flashprefill_tail2,1,early,earlier,128,2.062756972527467,2.0473070657629364,-0.015449906764530383,-0.0026052305474877,0.1707474291324615,0.3818058061599733,0.5765647888183594,0.0,0.010630850240546288,0.953125
yarn4,32768,flashprefill_tail2,1,late,earlier,128,1.7599672852543051,1.8031762650427936,0.04320898002310969,0.00063781312201165,0.47861840724945015,0.7492570209503184,0.8267021179199219,0.0,0.021502425641557424,0.921875
yarn4,32768,flashprefill_tail2,1,middle,earlier,128,1.8575153823618393,1.8455915785589383,-0.011923803802901032,-0.00024366485013155,0.7544738411903374,1.4233697652816786,1.5982918739318848,0.0390625,0.060996984852091665,0.9140625
yarn4,32768,flashprefill_tail2,1,tail,earlier,269,1.697651670870952,1.725342148241831,0.02769047713637151,8.736147719901055e-05,0.425944709777832,1.0482672882080073,1.8373165130615237,0.01486988847583643,0.029149864021292965,0.9256505576208178
yarn4,32768,flashprefill_tail2,1,tail,last_block,115,1.6387486862564797,1.6134094774031817,-0.025339208853295964,-0.0004450809210538,0.22813495695590952,0.34070430517196654,0.536757230758667,0.0,0.013756895500164672,0.8956521739130435
yarn4,32768,flashprefill_tail2,1,tail,penultimate_block,128,2.1761665498428044,2.2078749771422963,0.031708427300060286,0.0011189042124896999,0.339409589767456,0.5036241436004639,2.2932443618774414,0.0078125,0.018086065693926963,0.9609375
yarn4,32768,flashprefill_tail2,2,early,earlier,128,1.8518320496547531,1.8370983792250044,-0.01473367042974871,-0.00010640828259054976,0.27042233943939203,0.4755097627639776,1.1314795017242432,0.0078125,0.011956961963643003,0.9453125
yarn4,32768,flashprefill_tail2,2,late,earlier,128,2.436029033284399,2.4801353030579776,0.04410626954074815,-4.228443140164018e-05,0.5673159956932061,1.0978675413131715,1.458806037902832,0.0234375,0.033314560953201025,0.9140625
yarn4,32768,flashprefill_tail2,2,middle,earlier,128,1.8032849978042833,1.7792764829889478,-0.02400851458250485,-0.00030766077543369996,0.3924605846405025,0.8498713564872751,1.4276833534240725,0.0078125,0.04437619498341046,0.9296875
yarn4,32768,flashprefill_tail2,2,tail,earlier,269,1.8412475489110056,1.8463565926462417,0.005109043403003397,2.085715823341161e-05,0.5903530836105346,0.9226818466186519,1.7211236953735352,0.007434944237918215,0.055112485448334955,0.8884758364312267
yarn4,32768,flashprefill_tail2,2,tail,last_block,115,2.075404186838928,2.0795764308264078,0.004172243987479462,3.576258222892648e-06,0.33173004388809185,0.6366833043098449,1.0094656944274902,0.008695652173913044,0.020230329746826297,0.9130434782608695
yarn4,32768,flashprefill_tail2,2,tail,penultimate_block,128,1.6383596287987867,1.6691903112827653,0.030830682483893316,6.0199954532436095e-06,0.4891963005065915,1.0874118220806133,1.3990771770477295,0.015625,0.031923805389080205,0.90625
yarn4,32768,flashprefill_tail2,3,early,earlier,128,2.5610288369659617,2.554974174471951,-0.006054662494010534,-0.000419385585701,0.2477000355720518,0.8557294583320635,1.0191750526428225,0.0078125,0.026852382805834418,0.9609375
yarn4,32768,flashprefill_tail2,3,late,earlier,128,1.696628062339144,1.7076817366632469,0.011053674324138278,-2.622549800435081e-06,0.476639710366725,1.3779073560237889,1.4468426704406738,0.0234375,0.048295832384552775,0.921875
yarn4,32768,flashprefill_tail2,3,middle,earlier,128,2.120326054184204,2.106558953299924,-0.013767100666001389,-0.0011477898806333,0.47975325584411604,0.7899620342254643,1.2445757389068604,0.0078125,0.03820512055906984,0.921875
yarn4,32768,flashprefill_tail2,3,tail,earlier,269,1.7234922998904088,1.7522909750523856,0.028798675459480196,4.768368171426119e-07,0.6352925539016723,1.4828839492797843,2.6102728843688965,0.026022304832713755,0.057727286208002646,0.8847583643122676
yarn4,32768,flashprefill_tail2,3,tail,last_block,115,1.8231045181738617,1.828188144176596,0.005083626002734185,-0.0027361996471881,0.30947656631469717,0.4593566799163818,0.8258407115936279,0.0,0.020721850118595207,0.9391304347826087
yarn4,32768,flashprefill_tail2,3,tail,penultimate_block,128,1.4977676601713972,1.4905364686897578,-0.007231191479821316,-4.997501673642546e-05,0.25958034098148314,0.6098082005977632,0.7089946269989014,0.0,0.0213298653267779,0.921875
yarn4,65536,flashprefill_tail0,0,early,earlier,128,1.8459115666969126,1.8257549540948617,-0.02015661255839517,-0.0013862764462827999,0.35984780788421533,0.7403139901161204,1.4253989458084106,0.0078125,0.024743264039603433,0.9140625
yarn4,65536,flashprefill_tail0,0,late,earlier,128,2.0904429508055387,2.042691881489233,-0.047751068385480266,-0.0006859001150586999,0.36681942939758266,0.761276617050171,0.8731966018676758,0.0,0.05143637184715995,0.9296875
yarn4,65536,flashprefill_tail0,0,middle,earlier,128,1.2221184262610443,1.1411040533260097,-0.08101437292225809,-0.01397183816879985,0.35116814076900466,0.9885009670257577,1.4910147190093994,0.015625,0.052823044973532476,0.8828125
yarn4,65536,flashprefill_tail0,0,tail,earlier,269,2.3054854498420867,2.330564293860566,0.02507884420603091,-2.1933830794296227e-05,0.7135298252105713,1.505496139526366,2.069189548492432,0.02973977695167286,0.07700609169688391,0.8661710037174721
yarn4,65536,flashprefill_tail0,0,tail,last_block,115,2.411477044661894,2.353737328067481,-0.05773971676043126,-0.0009284391999244,0.5347513735294338,0.9769834804534911,1.3081998825073242,0.008695652173913044,0.08175209109946156,0.8434782608695652
yarn4,65536,flashprefill_tail0,0,tail,penultimate_block,128,2.489538076004653,2.465108611404112,-0.02442946460145023,-0.00070355660864145,0.6399073511362074,1.3856330680847184,1.7324252128601074,0.03125,0.0650031752117934,0.8671875
yarn4,65536,flashprefill_tail0,1,early,earlier,128,2.6704666860178463,2.6813852456581344,0.010918559407457454,-0.0028497204184531498,0.47820345759391775,1.0895450472831727,1.319465398788452,0.0234375,0.05726846258920766,0.859375
yarn4,65536,flashprefill_tail0,1,late,earlier,128,1.934210444251093,1.973272979443152,0.03906253530847436,0.00010292636579831239,0.5259241878986355,0.9569427061080935,1.168675422668457,0.0078125,0.03651764341660875,0.9375
yarn4,65536,flashprefill_tail0,1,middle,earlier,128,2.2210471630509545,2.2155305609315974,-0.005516602585288407,-0.0003946834331145,0.4487878918647765,0.6430688905715944,1.2006421089172363,0.0078125,0.031586613038442075,0.8828125
yarn4,65536,flashprefill_tail0,1,tail,earlier,269,1.980494344688708,1.9870196055618623,0.006525260873221831,8.652976248413324e-05,0.3531314373016357,0.7207370471954339,1.2359827756881714,0.007434944237918215,0.030901694715081696,0.9033457249070632
yarn4,65536,flashprefill_tail0,1,tail,last_block,115,2.292631210008337,2.2785278038823416,-0.014103406388186036,-0.0010354386176913,0.5082361698150635,1.5537015080451966,1.759597897529602,0.034782608695652174,0.07885007016991391,0.8608695652173913
yarn4,65536,flashprefill_tail0,1,tail,penultimate_block,128,1.7045433786423416,1.6598670596740002,-0.04467631896714863,-0.0027865716256201,0.48979341983795155,0.9962714147567755,1.3952596187591553,0.015625,0.04815821402277183,0.9375
yarn4,65536,flashprefill_tail0,2,early,earlier,128,1.8004079084356732,1.7606628513871172,-0.03974505588442411,-3.723714326042682e-05,0.5461126357316969,0.6566234022378923,0.8375575542449951,0.0,0.08007446629445433,0.8515625
yarn4,65536,flashprefill_tail0,2,late,earlier,128,1.030432786400123,1.3844055576938104,0.35397277351376033,0.03226665966212745,2.886506164073944,4.15499583721161,6.397579669952393,0.1171875,0.4058036687561497,0.765625
yarn4,65536,flashprefill_tail0,2,middle,earlier,128,2.0059926867888525,2.038154540620953,0.032161854763423044,1.1324822253300226e-06,0.36487394571304316,1.449947633743287,1.826942086219788,0.0234375,0.0641186528340469,0.8828125
yarn4,65536,flashprefill_tail0,2,tail,earlier,269,1.6073376654430902,1.6185157159944754,0.011178050312700293,0.003209397662431,0.7145599126815795,1.0603417205810546,1.531877517700195,0.01486988847583643,0.08393139650090022,0.9182156133828996
yarn4,65536,flashprefill_tail0,2,tail,last_block,115,2.216928401319946,2.2356524420700303,0.01872404135443187,0.0001945804106071,0.57115044593811,2.326291465759277,2.614329099655152,0.02608695652173913,0.08991028665401717,0.8434782608695652
yarn4,65536,flashprefill_tail0,2,tail,penultimate_block,128,2.132790881740391,2.104068163319056,-0.028722718515922445,-0.0070752091705798496,0.5775425076484679,1.0340050411224369,1.366505146026611,0.015625,0.07903749679387935,0.9140625
yarn4,65536,flashprefill_tail0,3,early,earlier,128,1.8776957201389806,1.8651543912203934,-0.012541328918587157,-0.006643389351665949,0.3976760029792783,0.641597094535828,0.6917386054992676,0.0,0.019281642942138036,0.890625
yarn4,65536,flashprefill_tail0,3,late,earlier,128,2.5273648944762996,2.5470707429737764,0.019705848498386306,-0.00020891119129371312,0.43884286880493156,0.8112739229202278,0.9264521598815918,0.0,0.027784532722620225,0.9296875
yarn4,65536,flashprefill_tail0,3,middle,earlier,128,1.8071079982581608,1.8029481176850481,-0.004159880336644053,-0.00097717225435185,0.5295089244842528,1.382250378131869,2.2371931076049805,0.015625,0.14400793052227095,0.8828125
yarn4,65536,flashprefill_tail0,3,tail,earlier,269,1.605062777178041,1.6500822976766587,0.04501952028255688,0.0002056509256362,0.8432891607284545,2.484218273162838,3.7890663146972656,0.040892193308550186,0.0979619924762717,0.8996282527881041
yarn4,65536,flashprefill_tail0,3,tail,last_block,108,3.004469640261555,3.081948200012684,0.07747856108774916,0.008121541701257201,0.8102540910243982,2.383775250911703,2.658510684967041,0.027777777777777776,0.11700675010174393,0.8055555555555556
yarn4,65536,flashprefill_tail0,3,tail,penultimate_block,128,1.5149841469061585,1.5311878728034571,0.016203725839091018,-4.046355024911463e-05,0.4231424331665031,0.971315379142763,1.2394952774047852,0.015625,0.029473381765356476,0.9609375
yarn4,65536,flashprefill_tail1,0,early,earlier,128,1.8459115666969126,1.8257549540948617,-0.02015661255839517,-0.0013862764462827999,0.35984780788421533,0.7403139901161204,1.4253989458084106,0.0078125,0.024743264039603433,0.9140625
yarn4,65536,flashprefill_tail1,0,late,earlier,128,2.0904429508055387,2.042691881489233,-0.047751068385480266,-0.0006859001150586999,0.36681942939758266,0.761276617050171,0.8731966018676758,0.0,0.05143637184715995,0.9296875
yarn4,65536,flashprefill_tail1,0,middle,earlier,128,1.2221184262610443,1.1411040533260097,-0.08101437292225809,-0.01397183816879985,0.35116814076900466,0.9885009670257577,1.4910147190093994,0.015625,0.052823044973532476,0.8828125
yarn4,65536,flashprefill_tail1,0,tail,earlier,269,2.3054854498420867,2.330564293860566,0.02507884420603091,-2.1933830794296227e-05,0.7135298252105713,1.505496139526366,2.069189548492432,0.02973977695167286,0.07700609169688391,0.8661710037174721
yarn4,65536,flashprefill_tail1,0,tail,last_block,115,2.411477044661894,2.396476401299507,-0.01500064336238684,-0.006658136844635,0.2965604305267331,0.6693007040023803,0.729008674621582,0.0,0.029909413033388014,0.9304347826086956
yarn4,65536,flashprefill_tail1,0,tail,penultimate_block,128,2.489538076004653,2.465108611404112,-0.02442946460145023,-0.00070355660864145,0.6399073511362074,1.3856330680847184,1.7324252128601074,0.03125,0.0650031752117934,0.8671875
yarn4,65536,flashprefill_tail1,1,early,earlier,128,2.6704666860178463,2.6813852456581344,0.010918559407457454,-0.0028497204184531498,0.47820345759391775,1.0895450472831727,1.319465398788452,0.0234375,0.05726846258920766,0.859375
yarn4,65536,flashprefill_tail1,1,late,earlier,128,1.934210444251093,1.973272979443152,0.03906253530847436,0.00010292636579831239,0.5259241878986355,0.9569427061080935,1.168675422668457,0.0078125,0.03651764341660875,0.9375
yarn4,65536,flashprefill_tail1,1,middle,earlier,128,2.2210471630509545,2.2155305609315974,-0.005516602585288407,-0.0003946834331145,0.4487878918647765,0.6430688905715944,1.2006421089172363,0.0078125,0.031586613038442075,0.8828125
yarn4,65536,flashprefill_tail1,1,tail,earlier,269,1.980494344688708,1.9870196055618623,0.006525260873221831,8.652976248413324e-05,0.3531314373016357,0.7207370471954339,1.2359827756881714,0.007434944237918215,0.030901694715081696,0.9033457249070632
yarn4,65536,flashprefill_tail1,1,tail,last_block,115,2.292631210008337,2.314183846460788,0.021552636708561886,0.0,0.42873711585998503,1.0333314895629881,1.942372679710388,0.017391304347826087,0.0451963458495259,0.8956521739130435
yarn4,65536,flashprefill_tail1,1,tail,penultimate_block,128,1.7045433786423416,1.6598670596740002,-0.04467631896714863,-0.0027865716256201,0.48979341983795155,0.9962714147567755,1.3952596187591553,0.015625,0.04815821402277183,0.9375
yarn4,65536,flashprefill_tail1,2,early,earlier,128,1.8004079084356732,1.7606628513871172,-0.03974505588442411,-3.723714326042682e-05,0.5461126357316969,0.6566234022378923,0.8375575542449951,0.0,0.08007446629445433,0.8515625
yarn4,65536,flashprefill_tail1,2,late,earlier,128,1.030432786400123,1.3844055576938104,0.35397277351376033,0.03226665966212745,2.886506164073944,4.15499583721161,6.397579669952393,0.1171875,0.4058036687561497,0.765625
yarn4,65536,flashprefill_tail1,2,middle,earlier,128,2.0059926867888525,2.038154540620953,0.032161854763423044,1.1324822253300226e-06,0.36487394571304316,1.449947633743287,1.826942086219788,0.0234375,0.0641186528340469,0.8828125
yarn4,65536,flashprefill_tail1,2,tail,earlier,269,1.6073376654430902,1.6185157159944754,0.011178050312700293,0.003209397662431,0.7145599126815795,1.0603417205810546,1.531877517700195,0.01486988847583643,0.08393139650090022,0.9182156133828996
yarn4,65536,flashprefill_tail1,2,tail,last_block,115,2.216928401319946,2.2786610500228406,0.06173264856926993,0.0014695823192596,0.536668038368225,1.1783044791221617,1.7313709259033203,0.02608695652173913,0.03488226594750887,0.9043478260869565
yarn4,65536,flashprefill_tail1,2,tail,penultimate_block,128,2.132790881740391,2.104068163319056,-0.028722718515922445,-0.0070752091705798496,0.5775425076484679,1.0340050411224369,1.366505146026611,0.015625,0.07903749679387935,0.9140625
yarn4,65536,flashprefill_tail1,3,early,earlier,128,1.8776957201389806,1.8651543912203934,-0.012541328918587157,-0.006643389351665949,0.3976760029792783,0.641597094535828,0.6917386054992676,0.0,0.019281642942138036,0.890625
yarn4,65536,flashprefill_tail1,3,late,earlier,128,2.5273648944762996,2.5470707429737764,0.019705848498386306,-0.00020891119129371312,0.43884286880493156,0.8112739229202278,0.9264521598815918,0.0,0.027784532722620225,0.9296875
yarn4,65536,flashprefill_tail1,3,middle,earlier,128,1.8071079982581608,1.8029481176850481,-0.004159880336644053,-0.00097717225435185,0.5295089244842528,1.382250378131869,2.2371931076049805,0.015625,0.14400793052227095,0.8828125
yarn4,65536,flashprefill_tail1,3,tail,earlier,269,1.605062777178041,1.6500822976766587,0.04501952028255688,0.0002056509256362,0.8432891607284545,2.484218273162838,3.7890663146972656,0.040892193308550186,0.0979619924762717,0.8996282527881041
yarn4,65536,flashprefill_tail1,3,tail,last_block,108,3.004469640261555,3.014131116922592,0.009661476678552895,-0.0002471231273375,0.27167716324329355,1.12175386667251,2.7737982273101807,0.018518518518518517,0.03992518898229277,0.8981481481481481
yarn4,65536,flashprefill_tail1,3,tail,penultimate_block,128,1.5149841469061585,1.5311878728034571,0.016203725839091018,-4.046355024911463e-05,0.4231424331665031,0.971315379142763,1.2394952774047852,0.015625,0.029473381765356476,0.9609375
yarn4,65536,flashprefill_tail2,0,early,earlier,128,1.8459115666969126,1.8257549540948617,-0.02015661255839517,-0.0013862764462827999,0.35984780788421533,0.7403139901161204,1.4253989458084106,0.0078125,0.024743264039603433,0.9140625
yarn4,65536,flashprefill_tail2,0,late,earlier,128,2.0904429508055387,2.042691881489233,-0.047751068385480266,-0.0006859001150586999,0.36681942939758266,0.761276617050171,0.8731966018676758,0.0,0.05143637184715995,0.9296875
yarn4,65536,flashprefill_tail2,0,middle,earlier,128,1.2221184262610443,1.1411040533260097,-0.08101437292225809,-0.01397183816879985,0.35116814076900466,0.9885009670257577,1.4910147190093994,0.015625,0.052823044973532476,0.8828125
yarn4,65536,flashprefill_tail2,0,tail,earlier,269,2.3054854498420867,2.330564293860566,0.02507884420603091,-2.1933830794296227e-05,0.7135298252105713,1.505496139526366,2.069189548492432,0.02973977695167286,0.07700609169688391,0.8661710037174721
yarn4,65536,flashprefill_tail2,0,tail,last_block,115,2.411477044661894,2.4082201201346636,-0.0032569245272300175,-0.0017832438461482,0.2868199110031127,0.5546306896209716,1.0111644268035889,0.008695652173913044,0.025801863407189454,0.9304347826086956
yarn4,65536,flashprefill_tail2,0,tail,penultimate_block,128,2.489538076004653,2.5374142188437396,0.04787614283817731,0.00784511165693395,0.5136587500572201,0.838288600444794,0.9835691452026368,0.0,0.035190643820205154,0.90625
yarn4,65536,flashprefill_tail2,1,early,earlier,128,2.6704666860178463,2.6813852456581344,0.010918559407457454,-0.0028497204184531498,0.47820345759391775,1.0895450472831727,1.319465398788452,0.0234375,0.05726846258920766,0.859375
yarn4,65536,flashprefill_tail2,1,late,earlier,128,1.934210444251093,1.973272979443152,0.03906253530847436,0.00010292636579831239,0.5259241878986355,0.9569427061080935,1.168675422668457,0.0078125,0.03651764341660875,0.9375
yarn4,65536,flashprefill_tail2,1,middle,earlier,128,2.2210471630509545,2.2155305609315974,-0.005516602585288407,-0.0003946834331145,0.4487878918647765,0.6430688905715944,1.2006421089172363,0.0078125,0.031586613038442075,0.8828125
yarn4,65536,flashprefill_tail2,1,tail,earlier,269,1.980494344688708,1.9870196055618623,0.006525260873221831,8.652976248413324e-05,0.3531314373016357,0.7207370471954339,1.2359827756881714,0.007434944237918215,0.030901694715081696,0.9033457249070632
yarn4,65536,flashprefill_tail2,1,tail,last_block,115,2.292631210008337,2.3103429498215755,0.017711740069353256,0.0,0.5055460453033446,0.9259223556518552,1.1957026720046997,0.008695652173913044,0.034670566748479396,0.8956521739130435
yarn4,65536,flashprefill_tail2,1,tail,penultimate_block,128,1.7045433786423416,1.8105687378387785,0.106025358963727,0.0027883355505764,0.7511172890663147,1.5161398220062268,2.0953731536865234,0.0390625,0.04083882835705306,0.90625
yarn4,65536,flashprefill_tail2,2,early,earlier,128,1.8004079084356732,1.7606628513871172,-0.03974505588442411,-3.723714326042682e-05,0.5461126357316969,0.6566234022378923,0.8375575542449951,0.0,0.08007446629445433,0.8515625
yarn4,65536,flashprefill_tail2,2,late,earlier,128,1.030432786400123,1.3844055576938104,0.35397277351376033,0.03226665966212745,2.886506164073944,4.15499583721161,6.397579669952393,0.1171875,0.4058036687561497,0.765625
yarn4,65536,flashprefill_tail2,2,middle,earlier,128,2.0059926867888525,2.038154540620953,0.032161854763423044,1.1324822253300226e-06,0.36487394571304316,1.449947633743287,1.826942086219788,0.0234375,0.0641186528340469,0.8828125
yarn4,65536,flashprefill_tail2,2,tail,earlier,269,1.6073376654430902,1.6185157159944754,0.011178050312700293,0.003209397662431,0.7145599126815795,1.0603417205810546,1.531877517700195,0.01486988847583643,0.08393139650090022,0.9182156133828996
yarn4,65536,flashprefill_tail2,2,tail,last_block,115,2.216928401319946,2.2777209898444437,0.060792588394922305,0.0006811413913965,0.5493767499923703,1.467677652835846,1.562360763549805,0.034782608695652174,0.036654409589059224,0.9217391304347826
yarn4,65536,flashprefill_tail2,2,tail,penultimate_block,128,2.132790881740391,2.100976111780753,-0.03181476973408336,-0.005155667662620499,0.2883995056152343,0.5875467038154609,0.8005721569061279,0.0,0.03016926193273579,0.9140625
yarn4,65536,flashprefill_tail2,3,early,earlier,128,1.8776957201389806,1.8651543912203934,-0.012541328918587157,-0.006643389351665949,0.3976760029792783,0.641597094535828,0.6917386054992676,0.0,0.019281642942138036,0.890625
yarn4,65536,flashprefill_tail2,3,late,earlier,128,2.5273648944762996,2.5470707429737764,0.019705848498386306,-0.00020891119129371312,0.43884286880493156,0.8112739229202278,0.9264521598815918,0.0,0.027784532722620225,0.9296875
yarn4,65536,flashprefill_tail2,3,middle,earlier,128,1.8071079982581608,1.8029481176850481,-0.004159880336644053,-0.00097717225435185,0.5295089244842528,1.382250378131869,2.2371931076049805,0.015625,0.14400793052227095,0.8828125
yarn4,65536,flashprefill_tail2,3,tail,earlier,269,1.605062777178041,1.6500822976766587,0.04501952028255688,0.0002056509256362,0.8432891607284545,2.484218273162838,3.7890663146972656,0.040892193308550186,0.0979619924762717,0.8996282527881041
yarn4,65536,flashprefill_tail2,3,tail,last_block,108,3.004469640261555,3.0274630279944312,0.02299338774985329,-0.0001570885069668,0.3409371972084045,1.059630770683283,2.939044952392578,0.018518518518518517,0.038236647717035804,0.8981481481481481
yarn4,65536,flashprefill_tail2,3,tail,penultimate_block,128,1.5149841469061585,1.5088530491050847,-0.006131097756053799,-0.00038431971915989997,0.26696814894676196,0.5115006065368654,0.5353937149047852,0.0,0.021973959364871076,0.96875
yarn4,131072,flashprefill_tail0,0,early,earlier,128,1.2670448603400928,1.2942548136283136,0.02720995453597653,-0.000153527376824,0.5998450338840482,1.428812136650089,4.11229133605957,0.015625,0.07097987046947903,0.9296875
yarn4,131072,flashprefill_tail0,0,late,earlier,128,1.42843173338715,1.5126157545295769,0.08418401922781982,0.00631525972858065,0.9556624412536612,1.7633327448368088,2.5504605770111084,0.046875,0.10385360007754225,0.9140625
yarn4,131072,flashprefill_tail0,0,middle,earlier,128,2.3600729979298336,2.320163227865436,-0.03990977007531171,4.529889338300563e-06,0.5129255056381217,1.0286648225784312,1.699674129486084,0.015625,0.07838305697344868,0.875
yarn4,131072,flashprefill_tail0,0,tail,earlier,269,1.7595597289498943,1.7856890210246954,0.02612929206344102,-0.0003973562270402,0.687977910041809,1.624435310363764,2.4208431243896484,0.022304832713754646,0.13488738989768753,0.8810408921933085
yarn4,131072,flashprefill_tail0,0,tail,last_block,115,2.1942878944179265,2.175619725056458,-0.01866816942473751,-0.0019390755333006,0.47816286087036114,0.8353173446655273,1.820389747619629,0.008695652173913044,0.10891556329708846,0.8782608695652174
yarn4,131072,flashprefill_tail0,0,tail,penultimate_block,128,1.18674908252234,1.1950406384328005,0.008291555665778109,-0.00149651709944005,0.5335443615913391,1.1224130439758317,1.2822458744049072,0.015625,0.053963504530059894,0.9296875
yarn4,131072,flashprefill_tail0,1,early,earlier,128,1.6193622668952123,1.6450263725570267,0.02566410607175484,2.1333180484361947e-05,0.5567982792854308,1.4617799878120425,2.7356998920440674,0.03125,0.07575948858400623,0.8828125
yarn4,131072,flashprefill_tail0,1,late,earlier,128,1.7849980989192034,1.697373491089202,-0.08762460420474838,-0.000288975686999,0.5863451302051541,0.9898849582672123,1.0229315757751465,0.015625,0.2053887067906714,0.9140625
yarn4,131072,flashprefill_tail0,1,middle,earlier,128,2.2757428858298567,2.20520674174098,-0.07053614403334052,-0.0027365763671696004,0.3948390245437621,1.5536606752872484,2.4083237648010254,0.0234375,0.05978561737043715,0.890625
yarn4,131072,flashprefill_tail0,1,tail,earlier,269,2.212158190295299,2.1121824994716674,-0.09997568977120261,-0.0071034259162843,0.5029668807983397,0.9873849296569821,1.151657223701477,0.011152416356877323,0.19132499167481706,0.8104089219330854
yarn4,131072,flashprefill_tail0,1,tail,last_block,115,2.077016711537402,1.99760170653983,-0.07941500500640002,-0.0038080960512161,0.43219325542449916,0.6908475971221923,0.7268819808959961,0.0,0.050164830974671996,0.8782608695652174
yarn4,131072,flashprefill_tail0,1,tail,penultimate_block,128,1.7722674979603212,1.730963108876229,-0.041304389546350954,-0.00043359503615644996,0.41217086315154994,0.8932027339935305,1.7125825881958008,0.0078125,0.07464291283467257,0.8671875
yarn4,131072,flashprefill_tail0,2,early,earlier,128,1.7516896545780583,1.7776546161749138,0.02596496150590611,-0.00050506019033485,0.5321062803268429,1.7696310162544275,2.0839338302612305,0.0234375,0.08001645302947576,0.921875
yarn4,131072,flashprefill_tail0,2,late,earlier,128,1.8523460794475568,1.8892427246776293,0.03689664523074044,-0.0015588890528305502,0.6367214322090146,1.1428550124168404,2.444179058074951,0.015625,0.053977443360139384,0.859375
yarn4,131072,flashprefill_tail0,2,middle,earlier,128,2.4757394003855353,2.435801514259367,-0.03993788624421768,-0.00269247370306395,0.5513512372970576,1.1552784729003918,1.6494617462158203,0.015625,0.0687399232691845,0.8515625
yarn4,131072,flashprefill_tail0,2,tail,earlier,269,1.37013589709482,1.3663132101212103,-0.0038226869621962715,-0.0020410970319062,0.5083006620407103,1.0912462234497062,1.4555621147155762,0.01858736059479554,0.10247631051885324,0.8773234200743495
yarn4,131072,flashprefill_tail0,2,tail,last_block,115,1.7112790531342161,1.7881523812209945,0.07687332775752546,-0.0005730311386287,1.06059513092041,1.7694799613952636,2.570361852645874,0.06086956521739131,0.17205690207546978,0.8695652173913043
yarn4,131072,flashprefill_tail0,2,tail,penultimate_block,128,2.177331529114099,2.1899884912536436,0.012656962623623268,-0.0018851266941055,0.6952454209327696,1.1954558706283573,1.8711867332458496,0.0234375,0.09911903695785891,0.859375
yarn4,131072,flashprefill_tail0,3,early,earlier,128,1.9909233910844364,2.0880339634343272,0.09711057246630617,0.0030604449566453,0.7582424044609064,1.474247142076493,1.623061180114746,0.03125,0.051747393256320565,0.8359375
yarn4,131072,flashprefill_tail0,3,late,earlier,128,2.2291104569392246,2.2852839075681004,0.056173450978121764,0.0005329609266482257,0.7317952275276172,1.4429448652267476,1.7896156311035156,0.0234375,0.04558050211443283,0.875
yarn4,131072,flashprefill_tail0,3,middle,earlier,121,2.661543736484456,2.6658871012137557,0.004343364744693476,-0.0046644359827041,0.6649947166442871,0.8829963207244872,2.551163673400879,0.008264462809917356,0.045066020040229096,0.9008264462809917
yarn4,131072,flashprefill_tail0,3,tail,earlier,269,1.9471662816433384,1.9207447837045957,-0.026421498157122712,-0.0008184676989912,0.43591485023498533,0.7464440917968744,1.2521158456802368,0.0037174721189591076,0.09211268743674192,0.9219330855018587
yarn4,131072,flashprefill_tail0,3,tail,last_block,115,1.4927920117447881,1.5039457927395747,0.011153780703645462,-0.0014057029038667,0.7299411535263051,1.4951182889938355,1.8231878280639648,0.043478260869565216,0.07715565237955631,0.9391304347826087
yarn4,131072,flashprefill_tail0,3,tail,penultimate_block,128,1.892483625273087,1.806815615649434,-0.0856680096374589,-0.00946110486984245,0.48221812248229967,0.9377252292633067,1.1099989414215088,0.015625,0.05624815485180074,0.84375
yarn4,131072,flashprefill_tail1,0,early,earlier,128,1.2670448603400928,1.2942548136283136,0.02720995453597653,-0.000153527376824,0.5998450338840482,1.428812136650089,4.11229133605957,0.015625,0.07097987046947903,0.9296875
yarn4,131072,flashprefill_tail1,0,late,earlier,128,1.42843173338715,1.5126157545295769,0.08418401922781982,0.00631525972858065,0.9556624412536612,1.7633327448368088,2.5504605770111084,0.046875,0.10385360007754225,0.9140625
yarn4,131072,flashprefill_tail1,0,middle,earlier,128,2.3600729979298336,2.320163227865436,-0.03990977007531171,4.529889338300563e-06,0.5129255056381217,1.0286648225784312,1.699674129486084,0.015625,0.07838305697344868,0.875
yarn4,131072,flashprefill_tail1,0,tail,earlier,269,1.7595597289498943,1.7856890210246954,0.02612929206344102,-0.0003973562270402,0.687977910041809,1.624435310363764,2.4208431243896484,0.022304832713754646,0.13488738989768753,0.8810408921933085
yarn4,131072,flashprefill_tail1,0,tail,last_block,115,2.1942878944179265,2.2265212324706702,0.032233338052680235,-0.0008115225937217,0.6415082931518552,1.0438741970062255,1.550550937652588,0.017391304347826087,0.036962230971972564,0.9217391304347826
yarn4,131072,flashprefill_tail1,0,tail,penultimate_block,128,1.18674908252234,1.1950406384328005,0.008291555665778109,-0.00149651709944005,0.5335443615913391,1.1224130439758317,1.2822458744049072,0.015625,0.053963504530059894,0.9296875
yarn4,131072,flashprefill_tail1,1,early,earlier,128,1.6193622668952123,1.6450263725570267,0.02566410607175484,2.1333180484361947e-05,0.5567982792854308,1.4617799878120425,2.7356998920440674,0.03125,0.07575948858400623,0.8828125
yarn4,131072,flashprefill_tail1,1,late,earlier,128,1.7849980989192034,1.697373491089202,-0.08762460420474838,-0.000288975686999,0.5863451302051541,0.9898849582672123,1.0229315757751465,0.015625,0.2053887067906714,0.9140625
yarn4,131072,flashprefill_tail1,1,middle,earlier,128,2.2757428858298567,2.20520674174098,-0.07053614403334052,-0.0027365763671696004,0.3948390245437621,1.5536606752872484,2.4083237648010254,0.0234375,0.05978561737043715,0.890625
yarn4,131072,flashprefill_tail1,1,tail,earlier,269,2.212158190295299,2.1121824994716674,-0.09997568977120261,-0.0071034259162843,0.5029668807983397,0.9873849296569821,1.151657223701477,0.011152416356877323,0.19132499167481706,0.8104089219330854
yarn4,131072,flashprefill_tail1,1,tail,last_block,115,2.077016711537402,2.049117673097111,-0.027899038440037934,-0.0002070310147246,0.5006139576435088,0.6513860845565795,0.9878721237182616,0.0,0.05601855675720241,0.8782608695652174
yarn4,131072,flashprefill_tail1,1,tail,penultimate_block,128,1.7722674979603212,1.730963108876229,-0.041304389546350954,-0.00043359503615644996,0.41217086315154994,0.8932027339935305,1.7125825881958008,0.0078125,0.07464291283467257,0.8671875
yarn4,131072,flashprefill_tail1,2,early,earlier,128,1.7516896545780583,1.7776546161749138,0.02596496150590611,-0.00050506019033485,0.5321062803268429,1.7696310162544275,2.0839338302612305,0.0234375,0.08001645302947576,0.921875
yarn4,131072,flashprefill_tail1,2,late,earlier,128,1.8523460794475568,1.8892427246776293,0.03689664523074044,-0.0015588890528305502,0.6367214322090146,1.1428550124168404,2.444179058074951,0.015625,0.053977443360139384,0.859375
yarn4,131072,flashprefill_tail1,2,middle,earlier,128,2.4757394003855353,2.435801514259367,-0.03993788624421768,-0.00269247370306395,0.5513512372970576,1.1552784729003918,1.6494617462158203,0.015625,0.0687399232691845,0.8515625
yarn4,131072,flashprefill_tail1,2,tail,earlier,269,1.37013589709482,1.3663132101212103,-0.0038226869621962715,-0.0020410970319062,0.5083006620407103,1.0912462234497062,1.4555621147155762,0.01858736059479554,0.10247631051885324,0.8773234200743495
yarn4,131072,flashprefill_tail1,2,tail,last_block,115,1.7112790531342161,1.6767189532826507,-0.034560100004107315,-0.0049062669277191,0.48471302986145,1.0663550567626952,1.1697142124176023,0.017391304347826087,0.05397016075503016,0.9304347826086956
yarn4,131072,flashprefill_tail1,2,tail,penultimate_block,128,2.177331529114099,2.1899884912536436,0.012656962623623268,-0.0018851266941055,0.6952454209327696,1.1954558706283573,1.8711867332458496,0.0234375,0.09911903695785891,0.859375
yarn4,131072,flashprefill_tail1,3,early,earlier,128,1.9909233910844364,2.0880339634343272,0.09711057246630617,0.0030604449566453,0.7582424044609064,1.474247142076493,1.623061180114746,0.03125,0.051747393256320565,0.8359375
yarn4,131072,flashprefill_tail1,3,late,earlier,128,2.2291104569392246,2.2852839075681004,0.056173450978121764,0.0005329609266482257,0.7317952275276172,1.4429448652267476,1.7896156311035156,0.0234375,0.04558050211443283,0.875
yarn4,131072,flashprefill_tail1,3,middle,earlier,121,2.661543736484456,2.6658871012137557,0.004343364744693476,-0.0046644359827041,0.6649947166442871,0.8829963207244872,2.551163673400879,0.008264462809917356,0.045066020040229096,0.9008264462809917
yarn4,131072,flashprefill_tail1,3,tail,earlier,269,1.9471662816433384,1.9207447837045957,-0.026421498157122712,-0.0008184676989912,0.43591485023498533,0.7464440917968744,1.2521158456802368,0.0037174721189591076,0.09211268743674192,0.9219330855018587
yarn4,131072,flashprefill_tail1,3,tail,last_block,115,1.4927920117447881,1.5000256950430966,0.007233682787109118,-0.001031294465065,0.41732087135314927,1.589026670455932,2.9008142948150635,0.017391304347826087,0.06286051558981058,0.9130434782608695
yarn4,131072,flashprefill_tail1,3,tail,penultimate_block,128,1.892483625273087,1.806815615649434,-0.0856680096374589,-0.00946110486984245,0.48221812248229967,0.9377252292633067,1.1099989414215088,0.015625,0.05624815485180074,0.84375
yarn4,131072,flashprefill_tail2,0,early,earlier,128,1.2670448603400928,1.2942548136283136,0.02720995453597653,-0.000153527376824,0.5998450338840482,1.428812136650089,4.11229133605957,0.015625,0.07097987046947903,0.9296875
yarn4,131072,flashprefill_tail2,0,late,earlier,128,1.42843173338715,1.5126157545295769,0.08418401922781982,0.00631525972858065,0.9556624412536612,1.7633327448368088,2.5504605770111084,0.046875,0.10385360007754225,0.9140625
yarn4,131072,flashprefill_tail2,0,middle,earlier,128,2.3600729979298336,2.320163227865436,-0.03990977007531171,4.529889338300563e-06,0.5129255056381217,1.0286648225784312,1.699674129486084,0.015625,0.07838305697344868,0.875
yarn4,131072,flashprefill_tail2,0,tail,earlier,269,1.7595597289498943,1.7856890210246954,0.02612929206344102,-0.0003973562270402,0.687977910041809,1.624435310363764,2.4208431243896484,0.022304832713754646,0.13488738989768753,0.8810408921933085
yarn4,131072,flashprefill_tail2,0,tail,last_block,115,2.1942878944179265,2.2275523063141165,0.03326441189628499,-0.0008909702301025,0.5692002773284911,1.028705801963806,1.919483184814453,0.017391304347826087,0.03861584989496365,0.8956521739130435
yarn4,131072,flashprefill_tail2,0,tail,penultimate_block,128,1.18674908252234,1.2042262983398615,0.017477215819099005,-0.00011740488844222727,0.4185263812541959,0.6086392402648926,0.7323508262634277,0.0,0.021205528349383898,0.953125
yarn4,131072,flashprefill_tail2,1,early,earlier,128,1.6193622668952123,1.6450263725570267,0.02566410607175484,2.1333180484361947e-05,0.5567982792854308,1.4617799878120425,2.7356998920440674,0.03125,0.07575948858400623,0.8828125
yarn4,131072,flashprefill_tail2,1,late,earlier,128,1.7849980989192034,1.697373491089202,-0.08762460420474838,-0.000288975686999,0.5863451302051541,0.9898849582672123,1.0229315757751465,0.015625,0.2053887067906714,0.9140625
yarn4,131072,flashprefill_tail2,1,middle,earlier,128,2.2757428858298567,2.20520674174098,-0.07053614403334052,-0.0027365763671696004,0.3948390245437621,1.5536606752872484,2.4083237648010254,0.0234375,0.05978561737043715,0.890625
yarn4,131072,flashprefill_tail2,1,tail,earlier,269,2.212158190295299,2.1121824994716674,-0.09997568977120261,-0.0071034259162843,0.5029668807983397,0.9873849296569821,1.151657223701477,0.011152416356877323,0.19132499167481706,0.8104089219330854
yarn4,131072,flashprefill_tail2,1,tail,last_block,115,2.077016711537402,2.0971839763784375,0.020167264837753326,-0.0011683516204357,0.4507724702358243,0.820531768798828,1.0107808113098145,0.008695652173913044,0.035282570427775835,0.9043478260869565
yarn4,131072,flashprefill_tail2,1,tail,penultimate_block,128,1.7722674979603212,1.8504323634073643,0.07816486549794988,0.00032875384204085,0.5353401422500605,1.376885071992877,1.7250499725341797,0.015625,0.04008688206997664,0.890625
yarn4,131072,flashprefill_tail2,2,early,earlier,128,1.7516896545780583,1.7776546161749138,0.02596496150590611,-0.00050506019033485,0.5321062803268429,1.7696310162544275,2.0839338302612305,0.0234375,0.08001645302947576,0.921875
yarn4,131072,flashprefill_tail2,2,late,earlier,128,1.8523460794475568,1.8892427246776293,0.03689664523074044,-0.0015588890528305502,0.6367214322090146,1.1428550124168404,2.444179058074951,0.015625,0.053977443360139384,0.859375
yarn4,131072,flashprefill_tail2,2,middle,earlier,128,2.4757394003855353,2.435801514259367,-0.03993788624421768,-0.00269247370306395,0.5513512372970576,1.1552784729003918,1.6494617462158203,0.015625,0.0687399232691845,0.8515625
yarn4,131072,flashprefill_tail2,2,tail,earlier,269,1.37013589709482,1.3663132101212103,-0.0038226869621962715,-0.0020410970319062,0.5083006620407103,1.0912462234497062,1.4555621147155762,0.01858736059479554,0.10247631051885324,0.8773234200743495
yarn4,131072,flashprefill_tail2,2,tail,last_block,115,1.7112790531342161,1.6806068117822692,-0.030672241361057576,-0.004519511014223,0.47268185615539543,1.0231147575378416,1.234346866607666,0.017391304347826087,0.04708911300884838,0.9130434782608695
yarn4,131072,flashprefill_tail2,2,tail,penultimate_block,128,2.177331529114099,2.207047015422347,0.02971548624668685,-0.0003841767320409,0.5790391802787779,1.0471260440349586,1.1970396041870115,0.015625,0.06855993831027259,0.8671875
yarn4,131072,flashprefill_tail2,3,early,earlier,128,1.9909233910844364,2.0880339634343272,0.09711057246630617,0.0030604449566453,0.7582424044609064,1.474247142076493,1.623061180114746,0.03125,0.051747393256320565,0.8359375
yarn4,131072,flashprefill_tail2,3,late,earlier,128,2.2291104569392246,2.2852839075681004,0.056173450978121764,0.0005329609266482257,0.7317952275276172,1.4429448652267476,1.7896156311035156,0.0234375,0.04558050211443283,0.875
yarn4,131072,flashprefill_tail2,3,middle,earlier,121,2.661543736484456,2.6658871012137557,0.004343364744693476,-0.0046644359827041,0.6649947166442871,0.8829963207244872,2.551163673400879,0.008264462809917356,0.045066020040229096,0.9008264462809917
yarn4,131072,flashprefill_tail2,3,tail,earlier,269,1.9471662816433384,1.9207447837045957,-0.026421498157122712,-0.0008184676989912,0.43591485023498533,0.7464440917968744,1.2521158456802368,0.0037174721189591076,0.09211268743674192,0.9219330855018587
yarn4,131072,flashprefill_tail2,3,tail,last_block,115,1.4927920117447881,1.4756431910582686,-0.01714882116477541,-0.0014388328418135,0.38918392062187185,0.957947959899902,1.8161067962646484,0.017391304347826087,0.039569587426503024,0.9217391304347826
yarn4,131072,flashprefill_tail2,3,tail,penultimate_block,128,1.892483625273087,1.8868135090235327,-0.005670116370765747,-0.00060475815553215,0.4360183626413333,0.9634468984603899,1.7771458625793457,0.015625,0.038939340376145944,0.8984375
