method,sample,seq_len,position,region,tail_band,tail_protected,source_id,token_id,token,context_before,dense_nll,nll,delta_nll,kl,same_top1,rope
flashprefill_tail1,3,16384,14709,late,earlier,0,9b6fabdffaa8eaf6c613e829f3507a8af89929d8c5b974c4,25986, chron, status as well as the poverty level of school and the type of public school. Table 19: students who were,1.1968355178833008,8.763143539428711,7.56630802154541,5.696977138519287,0,yarn4
flashprefill_tail2,3,16384,14709,late,earlier,0,9b6fabdffaa8eaf6c613e829f3507a8af89929d8c5b974c4,25986, chron, status as well as the poverty level of school and the type of public school. Table 19: students who were,1.1968355178833008,8.763143539428711,7.56630802154541,5.696977138519287,0,yarn4
flashprefill_tail0,3,16384,14709,late,earlier,0,9b6fabdffaa8eaf6c613e829f3507a8af89929d8c5b974c4,25986, chron, status as well as the poverty level of school and the type of public school. Table 19: students who were,1.1968355178833008,8.763143539428711,7.56630802154541,5.696977138519287,0,yarn4
flashprefill_tail2,2,65536,58924,late,earlier,0,f205ea85a60f0353bd98268ae9f5f6ae702788629c9061be,1697, person,90 & FY1991 NDAA permitted OTs (or cooperative agreements) to include a clause requiring a,0.2329258322715759,6.630505561828613,6.397579669952393,5.028737545013428,0,yarn4
flashprefill_tail1,2,65536,58924,late,earlier,0,f205ea85a60f0353bd98268ae9f5f6ae702788629c9061be,1697, person,90 & FY1991 NDAA permitted OTs (or cooperative agreements) to include a clause requiring a,0.2329258322715759,6.630505561828613,6.397579669952393,5.028737545013428,0,yarn4
flashprefill_tail0,2,65536,58924,late,earlier,0,f205ea85a60f0353bd98268ae9f5f6ae702788629c9061be,1697, person,90 & FY1991 NDAA permitted OTs (or cooperative agreements) to include a clause requiring a,0.2329258322715759,6.630505561828613,6.397579669952393,5.028737545013428,0,yarn4
flashprefill_tail0,3,32768,32284,tail,earlier,0,38a5830e9f6eb481ec9b4eb23eb5204a6f3d51831fdb2845,468, E," store ownership. That same year, FNS also consolidated its retailer management functions, including those for authorizing stores and analyzing",2.382620334625244,7.435062408447266,5.0524420738220215,0.6835309267044067,1,native
flashprefill_tail1,3,32768,32284,tail,earlier,0,38a5830e9f6eb481ec9b4eb23eb5204a6f3d51831fdb2845,468, E," store ownership. That same year, FNS also consolidated its retailer management functions, including those for authorizing stores and analyzing",2.382620334625244,7.435062408447266,5.0524420738220215,0.6835309267044067,1,native
flashprefill_tail2,3,32768,32284,tail,earlier,0,38a5830e9f6eb481ec9b4eb23eb5204a6f3d51831fdb2845,468, E," store ownership. That same year, FNS also consolidated its retailer management functions, including those for authorizing stores and analyzing",2.382620334625244,7.435062408447266,5.0524420738220215,0.6835309267044067,1,native
flashprefill_tail2,3,16384,16228,tail,penultimate_block,1,ba50360a6669fb0e2fbd41a020483b9bab271b5ce69b5c87,37576, FCC," lands (see fig. 3). According to FCC officials, this new map format will support more frequent data updates.",1.9207288026809688,6.239593505859375,4.318864822387695,0.7760320901870728,0,yarn4
flashprefill_tail2,2,65536,58955,late,earlier,0,f205ea85a60f0353bd98268ae9f5f6ae702788629c9061be,96127, DAR, DOD as a condition of receiving support under the agreement. Such funds were to be merged into an account dedicated to supporting,0.3587922751903534,4.60376501083374,4.2449727058410645,2.920301914215088,0,yarn4
flashprefill_tail0,2,65536,58955,late,earlier,0,f205ea85a60f0353bd98268ae9f5f6ae702788629c9061be,96127, DAR, DOD as a condition of receiving support under the agreement. Such funds were to be merged into an account dedicated to supporting,0.3587922751903534,4.60376501083374,4.2449727058410645,2.920301914215088,0,yarn4
flashprefill_tail1,2,65536,58955,late,earlier,0,f205ea85a60f0353bd98268ae9f5f6ae702788629c9061be,96127, DAR, DOD as a condition of receiving support under the agreement. Such funds were to be merged into an account dedicated to supporting,0.3587922751903534,4.60376501083374,4.2449727058410645,2.920301914215088,0,yarn4
flashprefill_tail1,3,16384,16266,tail,last_block,1,ba50360a6669fb0e2fbd41a020483b9bab271b5ce69b5c87,37576, FCC, allow users to access data at the same level of granularity as the maps of fixed broadband (see fig. 4).,1.9874869585037231,6.193331241607666,4.205844402313232,0.8627250790596008,1,yarn4
flashprefill_tail0,0,131072,13079,early,earlier,0,490f14d293ac1c261a07bd50aeac2e86a9e76c726d7883a2,21,6, plans to meet some of the targets; and 4 reported that they did not plan to meet any targets. Figure ,0.0819403305649757,4.1942315101623535,4.11229133605957,3.666762113571167,0,yarn4
flashprefill_tail1,0,131072,13079,early,earlier,0,490f14d293ac1c261a07bd50aeac2e86a9e76c726d7883a2,21,6, plans to meet some of the targets; and 4 reported that they did not plan to meet any targets. Figure ,0.0819403305649757,4.1942315101623535,4.11229133605957,3.666762113571167,0,yarn4
flashprefill_tail2,0,131072,13079,early,earlier,0,490f14d293ac1c261a07bd50aeac2e86a9e76c726d7883a2,21,6, plans to meet some of the targets; and 4 reported that they did not plan to meet any targets. Figure ,0.0819403305649757,4.1942315101623535,4.11229133605957,3.666762113571167,0,yarn4
flashprefill_tail1,2,65536,58944,late,earlier,0,f205ea85a60f0353bd98268ae9f5f6ae702788629c9061be,10514, funds, a clause requiring a person or entity to make payments to DOD as a condition of receiving support under the agreement. Such,0.2543855309486389,4.166110515594482,3.911725044250488,2.798137187957764,0,yarn4
flashprefill_tail2,2,65536,58944,late,earlier,0,f205ea85a60f0353bd98268ae9f5f6ae702788629c9061be,10514, funds, a clause requiring a person or entity to make payments to DOD as a condition of receiving support under the agreement. Such,0.2543855309486389,4.166110515594482,3.911725044250488,2.798137187957764,0,yarn4
flashprefill_tail0,2,65536,58944,late,earlier,0,f205ea85a60f0353bd98268ae9f5f6ae702788629c9061be,10514, funds, a clause requiring a person or entity to make payments to DOD as a condition of receiving support under the agreement. Such,0.2543855309486389,4.166110515594482,3.911725044250488,2.798137187957764,0,yarn4
flashprefill_tail1,3,65536,65270,tail,earlier,0,27d885cb5ea10bfe6a9123867b285a9850aa8415d960493b,3347, low," room and board (9 states or 19 percent of the 48 states), which Medicaid typically does not cover",12.717901229858398,16.506967544555664,3.7890663146972656,0.0576056465506553,1,yarn4
flashprefill_tail0,3,65536,65270,tail,earlier,0,27d885cb5ea10bfe6a9123867b285a9850aa8415d960493b,3347, low," room and board (9 states or 19 percent of the 48 states), which Medicaid typically does not cover",12.717901229858398,16.506967544555664,3.7890663146972656,0.0576056465506553,1,yarn4
flashprefill_tail2,3,65536,65270,tail,earlier,0,27d885cb5ea10bfe6a9123867b285a9850aa8415d960493b,3347, low," room and board (9 states or 19 percent of the 48 states), which Medicaid typically does not cover",12.717901229858398,16.506967544555664,3.7890663146972656,0.0576056465506553,1,yarn4
flashprefill_tail1,0,32768,32601,tail,penultimate_block,0,505345771a2e5b438ea4bfa7c0f238f8787f45b0ca52ef7d,14057,inv," the consequences might be. On May 23, 2018, DOD announced that it was dis",2.728080987930298,6.423185348510742,3.695104360580444,0.3214172422885895,1,native
flashprefill_tail0,0,32768,32601,tail,penultimate_block,0,505345771a2e5b438ea4bfa7c0f238f8787f45b0ca52ef7d,14057,inv," the consequences might be. On May 23, 2018, DOD announced that it was dis",2.728080987930298,6.423185348510742,3.695104360580444,0.3214172422885895,1,native
flashprefill_tail2,3,16384,16203,tail,penultimate_block,1,ba50360a6669fb0e2fbd41a020483b9bab271b5ce69b5c87,39389, tribal,/#/). This map allows users to search for broadband deployment by address and provides summary-level statistics regarding broadband deployment in specific,4.497006416320801,8.182794570922852,3.685788154602051,0.0463419370353221,1,yarn4
flashprefill_tail2,3,16384,16266,tail,last_block,1,ba50360a6669fb0e2fbd41a020483b9bab271b5ce69b5c87,37576, FCC, allow users to access data at the same level of granularity as the maps of fixed broadband (see fig. 4).,1.9874869585037231,5.62938404083252,3.641897201538086,0.6130489706993103,0,yarn4
flashprefill_tail2,3,65536,65092,tail,earlier,0,27d885cb5ea10bfe6a9123867b285a9850aa8415d960493b,10191, coverage,. GAO staff that made key contributions to this report are listed in appendix VI. Our survey of state Medicaid agencies regarding,4.700620651245117,8.323724746704102,3.623104095458984,0.4130998849868774,0,yarn4
flashprefill_tail1,3,65536,65092,tail,earlier,0,27d885cb5ea10bfe6a9123867b285a9850aa8415d960493b,10191, coverage,. GAO staff that made key contributions to this report are listed in appendix VI. Our survey of state Medicaid agencies regarding,4.700620651245117,8.323724746704102,3.623104095458984,0.4130998849868774,0,yarn4
flashprefill_tail0,3,65536,65092,tail,earlier,0,27d885cb5ea10bfe6a9123867b285a9850aa8415d960493b,10191, coverage,. GAO staff that made key contributions to this report are listed in appendix VI. Our survey of state Medicaid agencies regarding,4.700620651245117,8.323724746704102,3.623104095458984,0.4130998849868774,0,yarn4
flashprefill_tail1,2,65536,58948,late,earlier,0,f205ea85a60f0353bd98268ae9f5f6ae702788629c9061be,26001, merged, person or entity to make payments to DOD as a condition of receiving support under the agreement. Such funds were to be,0.131270095705986,3.715613842010498,3.584343671798706,3.058670282363892,0,yarn4
flashprefill_tail0,2,65536,58948,late,earlier,0,f205ea85a60f0353bd98268ae9f5f6ae702788629c9061be,26001, merged, person or entity to make payments to DOD as a condition of receiving support under the agreement. Such funds were to be,0.131270095705986,3.715613842010498,3.584343671798706,3.058670282363892,0,yarn4
flashprefill_tail2,2,65536,58948,late,earlier,0,f205ea85a60f0353bd98268ae9f5f6ae702788629c9061be,26001, merged, person or entity to make payments to DOD as a condition of receiving support under the agreement. Such funds were to be,0.131270095705986,3.715613842010498,3.584343671798706,3.058670282363892,0,yarn4
flashprefill_tail0,1,16384,14773,late,earlier,0,a6d311b6722cdf0fd1e95f07371162c59183a53db1fc5f62,18564, recommendations, efforts to fulfill their requirements described in the act. determined the effectiveness of corrective actions taken by DHS to address nine previously reported,0.8488526344299316,4.013980865478516,3.165128231048584,1.9283536672592163,0,yarn4
flashprefill_tail2,1,16384,14773,late,earlier,0,a6d311b6722cdf0fd1e95f07371162c59183a53db1fc5f62,18564, recommendations, efforts to fulfill their requirements described in the act. determined the effectiveness of corrective actions taken by DHS to address nine previously reported,0.8488526344299316,4.013980865478516,3.165128231048584,1.9283536672592163,0,yarn4
flashprefill_tail1,1,16384,14773,late,earlier,0,a6d311b6722cdf0fd1e95f07371162c59183a53db1fc5f62,18564, recommendations, efforts to fulfill their requirements described in the act. determined the effectiveness of corrective actions taken by DHS to address nine previously reported,0.8488526344299316,4.013980865478516,3.165128231048584,1.9283536672592163,0,yarn4
flashprefill_tail1,0,32768,16404,middle,earlier,0,505345771a2e5b438ea4bfa7c0f238f8787f45b0ca52ef7d,547, U, could complicate the ability of the United States to intervene militarily in a crisis or conflict between China and Taiwan; fulfill,1.5475199222564695,4.5684099197387695,3.0208899974823,2.5531108379364014,0,yarn4
flashprefill_tail2,0,32768,16404,middle,earlier,0,505345771a2e5b438ea4bfa7c0f238f8787f45b0ca52ef7d,547, U, could complicate the ability of the United States to intervene militarily in a crisis or conflict between China and Taiwan; fulfill,1.5475199222564695,4.5684099197387695,3.0208899974823,2.5531108379364014,0,yarn4
flashprefill_tail0,0,32768,16404,middle,earlier,0,505345771a2e5b438ea4bfa7c0f238f8787f45b0ca52ef7d,547, U, could complicate the ability of the United States to intervene militarily in a crisis or conflict between China and Taiwan; fulfill,1.5475199222564695,4.5684099197387695,3.0208899974823,2.5531108379364014,0,yarn4
flashprefill_tail2,2,65536,58952,late,earlier,0,f205ea85a60f0353bd98268ae9f5f6ae702788629c9061be,12235, dedicated, make payments to DOD as a condition of receiving support under the agreement. Such funds were to be merged into an account,0.0378046371042728,3.010486125946045,2.9726815223693848,2.7577311992645264,0,yarn4
flashprefill_tail1,2,65536,58952,late,earlier,0,f205ea85a60f0353bd98268ae9f5f6ae702788629c9061be,12235, dedicated, make payments to DOD as a condition of receiving support under the agreement. Such funds were to be merged into an account,0.0378046371042728,3.010486125946045,2.9726815223693848,2.7577311992645264,0,yarn4
flashprefill_tail0,2,65536,58952,late,earlier,0,f205ea85a60f0353bd98268ae9f5f6ae702788629c9061be,12235, dedicated, make payments to DOD as a condition of receiving support under the agreement. Such funds were to be merged into an account,0.0378046371042728,3.010486125946045,2.9726815223693848,2.7577311992645264,0,yarn4
flashprefill_tail1,2,65536,58950,late,earlier,0,f205ea85a60f0353bd98268ae9f5f6ae702788629c9061be,458, an, entity to make payments to DOD as a condition of receiving support under the agreement. Such funds were to be merged into,0.0888948440551757,3.032676696777344,2.943781852722168,2.5731492042541504,0,yarn4
flashprefill_tail0,2,65536,58950,late,earlier,0,f205ea85a60f0353bd98268ae9f5f6ae702788629c9061be,458, an, entity to make payments to DOD as a condition of receiving support under the agreement. Such funds were to be merged into,0.0888948440551757,3.032676696777344,2.943781852722168,2.5731492042541504,0,yarn4
flashprefill_tail2,2,65536,58950,late,earlier,0,f205ea85a60f0353bd98268ae9f5f6ae702788629c9061be,458, an, entity to make payments to DOD as a condition of receiving support under the agreement. Such funds were to be merged into,0.0888948440551757,3.032676696777344,2.943781852722168,2.5731492042541504,0,yarn4
flashprefill_tail2,3,65536,65427,tail,last_block,1,27d885cb5ea10bfe6a9123867b285a9850aa8415d960493b,3645, contact, financial assistance to the beneficiaries to defray the room and board costs. (See table 9.) In addition to the,1.158377170562744,4.097422122955322,2.939044952392578,0.8381295800209045,0,yarn4
flashprefill_tail1,3,131072,131024,tail,last_block,1,ad1e97265c4148aa84685bcfffe30b9009fb9f1788a0b7ff,12877,urchase, Interior’s lease- versus-purchase analysis tool; and one did not include any documentation related to a lease-versus-p,0.0434743799269199,2.944288730621338,2.9008142948150635,2.807490587234497,0,yarn4
flashprefill_tail1,2,65536,58957,late,earlier,0,f205ea85a60f0353bd98268ae9f5f6ae702788629c9061be,10847, advanced, as a condition of receiving support under the agreement. Such funds were to be merged into an account dedicated to supporting DARPA,0.4005521237850189,3.2909750938415527,2.890423059463501,1.8097485303878784,0,yarn4
flashprefill_tail0,2,65536,58957,late,earlier,0,f205ea85a60f0353bd98268ae9f5f6ae702788629c9061be,10847, advanced, as a condition of receiving support under the agreement. Such funds were to be merged into an account dedicated to supporting DARPA,0.4005521237850189,3.2909750938415527,2.890423059463501,1.8097485303878784,0,yarn4
flashprefill_tail2,2,65536,58957,late,earlier,0,f205ea85a60f0353bd98268ae9f5f6ae702788629c9061be,10847, advanced, as a condition of receiving support under the agreement. Such funds were to be merged into an account dedicated to supporting DARPA,0.4005521237850189,3.2909750938415527,2.890423059463501,1.8097485303878784,0,yarn4
flashprefill_tail0,2,65536,58928,late,earlier,0,f205ea85a60f0353bd98268ae9f5f6ae702788629c9061be,1281, make,1991 NDAA permitted OTs (or cooperative agreements) to include a clause requiring a person or entity to,0.0614910796284675,2.940722942352295,2.8792319297790527,2.608485221862793,0,yarn4
flashprefill_tail1,2,65536,58928,late,earlier,0,f205ea85a60f0353bd98268ae9f5f6ae702788629c9061be,1281, make,1991 NDAA permitted OTs (or cooperative agreements) to include a clause requiring a person or entity to,0.0614910796284675,2.940722942352295,2.8792319297790527,2.608485221862793,0,yarn4
flashprefill_tail2,2,65536,58928,late,earlier,0,f205ea85a60f0353bd98268ae9f5f6ae702788629c9061be,1281, make,1991 NDAA permitted OTs (or cooperative agreements) to include a clause requiring a person or entity to,0.0614910796284675,2.940722942352295,2.8792319297790527,2.608485221862793,0,yarn4
flashprefill_tail2,3,65536,65099,tail,earlier,0,27d885cb5ea10bfe6a9123867b285a9850aa8415d960493b,37089, oversight," contributions to this report are listed in appendix VI. Our survey of state Medicaid agencies regarding coverage, spending, enrollment, and",2.0594849586486816,4.887934684753418,2.8284497261047363,1.536736011505127,0,yarn4
flashprefill_tail1,3,65536,65099,tail,earlier,0,27d885cb5ea10bfe6a9123867b285a9850aa8415d960493b,37089, oversight," contributions to this report are listed in appendix VI. Our survey of state Medicaid agencies regarding coverage, spending, enrollment, and",2.0594849586486816,4.887934684753418,2.8284497261047363,1.536736011505127,0,yarn4
flashprefill_tail0,3,65536,65099,tail,earlier,0,27d885cb5ea10bfe6a9123867b285a9850aa8415d960493b,37089, oversight," contributions to this report are listed in appendix VI. Our survey of state Medicaid agencies regarding coverage, spending, enrollment, and",2.0594849586486816,4.887934684753418,2.8284497261047363,1.536736011505127,0,yarn4
flashprefill_tail0,2,8192,7781,tail,earlier,0,679f8b9b9a028f34abb79be22c978d1d4b377ce6ca1f12f9,17,2," $647 billion, and nondefense funding (including SFOPS) by $68 billion, from $5",2.5932421684265137,5.40389347076416,2.8106513023376465,2.9066386222839355,1,yarn4
flashprefill_tail2,2,8192,7781,tail,earlier,0,679f8b9b9a028f34abb79be22c978d1d4b377ce6ca1f12f9,17,2," $647 billion, and nondefense funding (including SFOPS) by $68 billion, from $5",2.5932421684265137,5.40389347076416,2.8106513023376465,2.9066386222839355,1,yarn4
flashprefill_tail1,2,8192,7781,tail,earlier,0,679f8b9b9a028f34abb79be22c978d1d4b377ce6ca1f12f9,17,2," $647 billion, and nondefense funding (including SFOPS) by $68 billion, from $5",2.5932421684265137,5.40389347076416,2.8106513023376465,2.9066386222839355,1,yarn4
flashprefill_tail0,2,16384,1651,early,earlier,0,a12d1df7a84ab7478fc861b8b0221e9b0dd8d0e6a96d18fc,20257,contract," to addressing fraud, waste, and abuse to its stakeholders. Representatives of CMS’s extensive stakeholder network whom we interviewed—",4.155842781066895,6.93795108795166,2.7821083068847656,0.0797660946846008,1,yarn4
flashprefill_tail1,2,16384,1651,early,earlier,0,a12d1df7a84ab7478fc861b8b0221e9b0dd8d0e6a96d18fc,20257,contract," to addressing fraud, waste, and abuse to its stakeholders. Representatives of CMS’s extensive stakeholder network whom we interviewed—",4.155842781066895,6.93795108795166,2.7821083068847656,0.0797660946846008,1,yarn4
flashprefill_tail2,2,16384,1651,early,earlier,0,a12d1df7a84ab7478fc861b8b0221e9b0dd8d0e6a96d18fc,20257,contract," to addressing fraud, waste, and abuse to its stakeholders. Representatives of CMS’s extensive stakeholder network whom we interviewed—",4.155842781066895,6.93795108795166,2.7821083068847656,0.0797660946846008,1,yarn4
flashprefill_tail0,0,32768,32594,tail,penultimate_block,0,505345771a2e5b438ea4bfa7c0f238f8787f45b0ca52ef7d,422, D," consequences."" Sanders did not say what the consequences might be. On May 23, 2018,",4.006970405578613,6.788471221923828,2.781500816345215,0.329220175743103,1,yarn4
flashprefill_tail1,0,32768,32594,tail,penultimate_block,0,505345771a2e5b438ea4bfa7c0f238f8787f45b0ca52ef7d,422, D," consequences."" Sanders did not say what the consequences might be. On May 23, 2018,",4.006970405578613,6.788471221923828,2.781500816345215,0.329220175743103,1,yarn4
flashprefill_tail1,3,65536,65427,tail,last_block,1,27d885cb5ea10bfe6a9123867b285a9850aa8415d960493b,3645, contact, financial assistance to the beneficiaries to defray the room and board costs. (See table 9.) In addition to the,1.158377170562744,3.932175397872925,2.7737982273101807,0.806002676486969,0,yarn4
flashprefill_tail0,1,131072,13117,early,earlier,0,a6d311b6722cdf0fd1e95f07371162c59183a53db1fc5f62,6122, September," subsequent email on December 10, 2018, OMB said it believes the Federal CIO’s",1.5417282581329346,4.277428150177002,2.7356998920440674,0.8007287979125977,1,yarn4
flashprefill_tail2,1,131072,13117,early,earlier,0,a6d311b6722cdf0fd1e95f07371162c59183a53db1fc5f62,6122, September," subsequent email on December 10, 2018, OMB said it believes the Federal CIO’s",1.5417282581329346,4.277428150177002,2.7356998920440674,0.8007287979125977,1,yarn4
flashprefill_tail1,1,131072,13117,early,earlier,0,a6d311b6722cdf0fd1e95f07371162c59183a53db1fc5f62,6122, September," subsequent email on December 10, 2018, OMB said it believes the Federal CIO’s",1.5417282581329346,4.277428150177002,2.7356998920440674,0.8007287979125977,1,yarn4
flashprefill_tail2,0,8192,7420,late,earlier,0,490f14d293ac1c261a07bd50aeac2e86a9e76c726d7883a2,582, we," billion for IT in fiscal year 2018—the largest amount ever budgeted. Despite such large IT expenditures,",4.7587409019470215,7.488125324249268,2.729384422302246,0.1280641853809356,1,yarn4
flashprefill_tail0,0,8192,7420,late,earlier,0,490f14d293ac1c261a07bd50aeac2e86a9e76c726d7883a2,582, we," billion for IT in fiscal year 2018—the largest amount ever budgeted. Despite such large IT expenditures,",4.7587409019470215,7.488125324249268,2.729384422302246,0.1280641853809356,1,yarn4
flashprefill_tail1,0,8192,7420,late,earlier,0,490f14d293ac1c261a07bd50aeac2e86a9e76c726d7883a2,582, we," billion for IT in fiscal year 2018—the largest amount ever budgeted. Despite such large IT expenditures,",4.7587409019470215,7.488125324249268,2.729384422302246,0.1280641853809356,1,yarn4
flashprefill_tail1,2,65536,58921,late,earlier,0,f205ea85a60f0353bd98268ae9f5f6ae702788629c9061be,21647, clause, FY1990 & FY1991 NDAA permitted OTs (or cooperative agreements) to include a,0.5067134499549866,3.2346179485321045,2.7279045581817627,1.4669570922851562,0,yarn4
flashprefill_tail0,2,65536,58921,late,earlier,0,f205ea85a60f0353bd98268ae9f5f6ae702788629c9061be,21647, clause, FY1990 & FY1991 NDAA permitted OTs (or cooperative agreements) to include a,0.5067134499549866,3.2346179485321045,2.7279045581817627,1.4669570922851562,0,yarn4
flashprefill_tail2,2,65536,58921,late,earlier,0,f205ea85a60f0353bd98268ae9f5f6ae702788629c9061be,21647, clause, FY1990 & FY1991 NDAA permitted OTs (or cooperative agreements) to include a,0.5067134499549866,3.2346179485321045,2.7279045581817627,1.4669570922851562,0,yarn4
flashprefill_tail0,3,65536,65493,tail,last_block,0,642cbca15cea50e376cef6d3e81f3dc4e046cc649f6119f4,821, data," Porter, and Jennifer Whitworth made key contributions to this report.

[Report 7]

R ecent high-profile",4.625997066497803,7.284507751464844,2.658510684967041,0.5686578154563904,0,yarn4
flashprefill_tail0,0,32768,32594,tail,penultimate_block,0,505345771a2e5b438ea4bfa7c0f238f8787f45b0ca52ef7d,422, D," consequences."" Sanders did not say what the consequences might be. On May 23, 2018,",5.118292331695557,7.766708374023437,2.648416042327881,0.1744658797979354,1,native
flashprefill_tail1,0,32768,32594,tail,penultimate_block,0,505345771a2e5b438ea4bfa7c0f238f8787f45b0ca52ef7d,422, D," consequences."" Sanders did not say what the consequences might be. On May 23, 2018,",5.118292331695557,7.766708374023437,2.648416042327881,0.1744658797979354,1,native
flashprefill_tail2,2,65536,58929,late,earlier,0,f205ea85a60f0353bd98268ae9f5f6ae702788629c9061be,14173, payments,991 NDAA permitted OTs (or cooperative agreements) to include a clause requiring a person or entity to make,0.3419509530067444,2.964566946029663,2.6226160526275635,1.626931071281433,0,yarn4
flashprefill_tail0,2,65536,58929,late,earlier,0,f205ea85a60f0353bd98268ae9f5f6ae702788629c9061be,14173, payments,991 NDAA permitted OTs (or cooperative agreements) to include a clause requiring a person or entity to make,0.3419509530067444,2.964566946029663,2.6226160526275635,1.626931071281433,0,yarn4
flashprefill_tail1,2,65536,58929,late,earlier,0,f205ea85a60f0353bd98268ae9f5f6ae702788629c9061be,14173, payments,991 NDAA permitted OTs (or cooperative agreements) to include a clause requiring a person or entity to make,0.3419509530067444,2.964566946029663,2.6226160526275635,1.626931071281433,0,yarn4
flashprefill_tail1,3,16384,15870,tail,earlier,0,ba50360a6669fb0e2fbd41a020483b9bab271b5ce69b5c87,37576, FCC,", created a memorandum of understanding with FCC through which FCC agreed to maintain public access to the last version of the map.",2.732854127883911,5.3540215492248535,2.6211674213409424,0.1867066174745559,1,yarn4
flashprefill_tail2,3,16384,15870,tail,earlier,0,ba50360a6669fb0e2fbd41a020483b9bab271b5ce69b5c87,37576, FCC,", created a memorandum of understanding with FCC through which FCC agreed to maintain public access to the last version of the map.",2.732854127883911,5.3540215492248535,2.6211674213409424,0.1867066174745559,1,yarn4
flashprefill_tail0,3,16384,15870,tail,earlier,0,ba50360a6669fb0e2fbd41a020483b9bab271b5ce69b5c87,37576, FCC,", created a memorandum of understanding with FCC through which FCC agreed to maintain public access to the last version of the map.",2.732854127883911,5.3540215492248535,2.6211674213409424,0.1867066174745559,1,yarn4
flashprefill_tail0,2,65536,65444,tail,last_block,0,f205ea85a60f0353bd98268ae9f5f6ae702788629c9061be,64714, Appendix,b-3] and the Cures Acceleration Network [42 U.S.C. §287a]).,3.3048174381256104,5.919146537780762,2.614329099655152,0.2023948282003402,1,yarn4
flashprefill_tail0,3,32768,32284,tail,earlier,0,38a5830e9f6eb481ec9b4eb23eb5204a6f3d51831fdb2845,468, E," store ownership. That same year, FNS also consolidated its retailer management functions, including those for authorizing stores and analyzing",1.42144775390625,4.0317206382751465,2.6102728843688965,0.5358057022094727,0,yarn4
flashprefill_tail2,3,32768,32284,tail,earlier,0,38a5830e9f6eb481ec9b4eb23eb5204a6f3d51831fdb2845,468, E," store ownership. That same year, FNS also consolidated its retailer management functions, including those for authorizing stores and analyzing",1.42144775390625,4.0317206382751465,2.6102728843688965,0.5358057022094727,0,yarn4
flashprefill_tail1,3,32768,32284,tail,earlier,0,38a5830e9f6eb481ec9b4eb23eb5204a6f3d51831fdb2845,468, E," store ownership. That same year, FNS also consolidated its retailer management functions, including those for authorizing stores and analyzing",1.42144775390625,4.0317206382751465,2.6102728843688965,0.5358057022094727,0,yarn4
flashprefill_tail0,2,131072,130998,tail,last_block,0,f8a0313fccf5acb9eed57e3363eecb4d2b0b7f72639a82f4,17,2,03 of IEEPA (Grants of Authorities; 50 U.S.C. § 170,0.0205447040498256,2.5909066200256348,2.570361852645874,2.4801952838897705,0,yarn4
flashprefill_tail2,3,131072,65493,middle,earlier,0,642cbca15cea50e376cef6d3e81f3dc4e046cc649f6119f4,821, data," Porter, and Jennifer Whitworth made key contributions to this report.

[Report 7]

R ecent high-profile",4.625997066497803,7.177160739898682,2.551163673400879,0.6102743744850159,0,yarn4
flashprefill_tail1,3,131072,65493,middle,earlier,0,642cbca15cea50e376cef6d3e81f3dc4e046cc649f6119f4,821, data," Porter, and Jennifer Whitworth made key contributions to this report.

[Report 7]

R ecent high-profile",4.625997066497803,7.177160739898682,2.551163673400879,0.6102743744850159,0,yarn4
flashprefill_tail0,3,131072,65493,middle,earlier,0,642cbca15cea50e376cef6d3e81f3dc4e046cc649f6119f4,821, data," Porter, and Jennifer Whitworth made key contributions to this report.

[Report 7]

R ecent high-profile",4.625997066497803,7.177160739898682,2.551163673400879,0.6102743744850159,0,yarn4
flashprefill_tail2,0,131072,117918,late,earlier,0,a6d311b6722cdf0fd1e95f07371162c59183a53db1fc5f62,6058, January," not submit the plan to Congress, as called for in the act. Even though DHS submitted the plan to OMB in",0.0325120724737644,2.582972764968872,2.5504605770111084,2.380704402923584,0,yarn4
flashprefill_tail0,0,131072,117918,late,earlier,0,a6d311b6722cdf0fd1e95f07371162c59183a53db1fc5f62,6058, January," not submit the plan to Congress, as called for in the act. Even though DHS submitted the plan to OMB in",0.0325120724737644,2.582972764968872,2.5504605770111084,2.380704402923584,0,yarn4
flashprefill_tail1,0,131072,117918,late,earlier,0,a6d311b6722cdf0fd1e95f07371162c59183a53db1fc5f62,6058, January," not submit the plan to Congress, as called for in the act. Even though DHS submitted the plan to OMB in",0.0325120724737644,2.582972764968872,2.5504605770111084,2.380704402923584,0,yarn4
flashprefill_tail0,2,4096,4081,tail,last_block,0,a12d1df7a84ab7478fc861b8b0221e9b0dd8d0e6a96d18fc,821, data," understanding of known and potential fraud risks for the purposes of a fraud risk assessment. For example, the fraud vulnerabilities identified through",1.297260880470276,3.775137424468994,2.477876663208008,0.6024256944656372,1,yarn4
flashprefill_tail0,3,65536,65418,tail,last_block,0,27d885cb5ea10bfe6a9123867b285a9850aa8415d960493b,9830,See,. The other commonly cited policies focused on providing financial assistance to the beneficiaries to defray the room and board costs. (,0.036881323903799,2.5111374855041504,2.4742562770843506,2.330214500427246,0,yarn4
flashprefill_tail1,2,131072,117932,late,earlier,0,001a23a1f95252057227d5728ed820bfa446b91f46dbb394,47693, Earn,", reviewers examine the medical necessity, compliance with documentation requirements, and coding of services provided, among other things; for the",6.3490519523620605,8.793231010437012,2.444179058074951,0.2824966609477997,1,yarn4
flashprefill_tail0,2,131072,117932,late,earlier,0,001a23a1f95252057227d5728ed820bfa446b91f46dbb394,47693, Earn,", reviewers examine the medical necessity, compliance with documentation requirements, and coding of services provided, among other things; for the",6.3490519523620605,8.793231010437012,2.444179058074951,0.2824966609477997,1,yarn4
flashprefill_tail2,2,131072,117932,late,earlier,0,001a23a1f95252057227d5728ed820bfa446b91f46dbb394,47693, Earn,", reviewers examine the medical necessity, compliance with documentation requirements, and coding of services provided, among other things; for the",6.3490519523620605,8.793231010437012,2.444179058074951,0.2824966609477997,1,yarn4
flashprefill_tail2,0,131072,130555,tail,earlier,0,c2a4cfdac819a761d81184d9708cd683900944d37dbc8696,220, ,"; may similarly set aside contracts exceeding the simplified acquisition threshold for competition reserved for specific types of small businesses (e.g.,",0.3484299480915069,2.769273042678833,2.4208431243896484,1.6152169704437256,0,yarn4
flashprefill_tail0,0,131072,130555,tail,earlier,0,c2a4cfdac819a761d81184d9708cd683900944d37dbc8696,220, ,"; may similarly set aside contracts exceeding the simplified acquisition threshold for competition reserved for specific types of small businesses (e.g.,",0.3484299480915069,2.769273042678833,2.4208431243896484,1.6152169704437256,0,yarn4
flashprefill_tail1,0,131072,130555,tail,earlier,0,c2a4cfdac819a761d81184d9708cd683900944d37dbc8696,220, ,"; may similarly set aside contracts exceeding the simplified acquisition threshold for competition reserved for specific types of small businesses (e.g.,",0.3484299480915069,2.769273042678833,2.4208431243896484,1.6152169704437256,0,yarn4
flashprefill_tail0,2,65536,65448,tail,last_block,0,f205ea85a60f0353bd98268ae9f5f6ae702788629c9061be,78343,iability, and the Cures Acceleration Network [42 U.S.C. §287a]). Appendix C. Rel,0.073255643248558,2.487661838531494,2.4144062995910645,2.100061416625977,0,yarn4
flashprefill_tail2,1,131072,65589,middle,earlier,0,8ea6dbec3f301d7d0fc538441e0a776832f777a928c44666,6559, trade, actions can serve as disguised protectionism and create inefficiencies in the world trading system by raising prices on imported goods. How,2.5687389373779297,4.977062702178955,2.4083237648010254,1.5774438381195068,0,yarn4
flashprefill_tail0,1,131072,65589,middle,earlier,0,8ea6dbec3f301d7d0fc538441e0a776832f777a928c44666,6559, trade, actions can serve as disguised protectionism and create inefficiencies in the world trading system by raising prices on imported goods. How,2.5687389373779297,4.977062702178955,2.4083237648010254,1.5774438381195068,0,yarn4
flashprefill_tail1,1,131072,65589,middle,earlier,0,8ea6dbec3f301d7d0fc538441e0a776832f777a928c44666,6559, trade, actions can serve as disguised protectionism and create inefficiencies in the world trading system by raising prices on imported goods. How,2.5687389373779297,4.977062702178955,2.4083237648010254,1.5774438381195068,0,yarn4
flashprefill_tail1,0,131072,130687,tail,earlier,0,c2a4cfdac819a761d81184d9708cd683900944d37dbc8696,4862, training," and subcontracts. These include various prime contracting programs; subcontracting programs; and other assistance (e.g., contracting technical",4.073747634887695,6.47130298614502,2.397555351257324,0.2088564187288284,1,yarn4
flashprefill_tail2,0,131072,130687,tail,earlier,0,c2a4cfdac819a761d81184d9708cd683900944d37dbc8696,4862, training," and subcontracts. These include various prime contracting programs; subcontracting programs; and other assistance (e.g., contracting technical",4.073747634887695,6.47130298614502,2.397555351257324,0.2088564187288284,1,yarn4
flashprefill_tail0,0,131072,130687,tail,earlier,0,c2a4cfdac819a761d81184d9708cd683900944d37dbc8696,4862, training," and subcontracts. These include various prime contracting programs; subcontracting programs; and other assistance (e.g., contracting technical",4.073747634887695,6.47130298614502,2.397555351257324,0.2088564187288284,1,yarn4
flashprefill_tail2,1,8192,7806,tail,earlier,0,a6d311b6722cdf0fd1e95f07371162c59183a53db1fc5f62,10659, standards,"2024. FISMA requires that DHS provide operational and technical assistance to agencies in implementing policies, principles,",0.1663050055503845,2.5037245750427246,2.3374195098876958,1.7086399793624878,0,yarn4
flashprefill_tail1,1,8192,7806,tail,earlier,0,a6d311b6722cdf0fd1e95f07371162c59183a53db1fc5f62,10659, standards,"2024. FISMA requires that DHS provide operational and technical assistance to agencies in implementing policies, principles,",0.1663050055503845,2.5037245750427246,2.3374195098876958,1.7086399793624878,0,yarn4
flashprefill_tail0,1,8192,7806,tail,earlier,0,a6d311b6722cdf0fd1e95f07371162c59183a53db1fc5f62,10659, standards,"2024. FISMA requires that DHS provide operational and technical assistance to agencies in implementing policies, principles,",0.1663050055503845,2.5037245750427246,2.3374195098876958,1.7086399793624878,0,yarn4
flashprefill_tail1,3,65536,65094,tail,earlier,0,27d885cb5ea10bfe6a9123867b285a9850aa8415d960493b,10164, spending,"AO staff that made key contributions to this report are listed in appendix VI. Our survey of state Medicaid agencies regarding coverage,",2.896551609039306,5.218778610229492,2.322227001190185,1.3375532627105713,0,yarn4
flashprefill_tail0,3,65536,65094,tail,earlier,0,27d885cb5ea10bfe6a9123867b285a9850aa8415d960493b,10164, spending,"AO staff that made key contributions to this report are listed in appendix VI. Our survey of state Medicaid agencies regarding coverage,",2.896551609039306,5.218778610229492,2.322227001190185,1.3375532627105713,0,yarn4
flashprefill_tail2,3,65536,65094,tail,earlier,0,27d885cb5ea10bfe6a9123867b285a9850aa8415d960493b,10164, spending,"AO staff that made key contributions to this report are listed in appendix VI. Our survey of state Medicaid agencies regarding coverage,",2.896551609039306,5.218778610229492,2.322227001190185,1.3375532627105713,0,yarn4
flashprefill_tail2,2,8192,4048,middle,earlier,0,a12d1df7a84ab7478fc861b8b0221e9b0dd8d0e6a96d18fc,16376, extensive," could provide key information about fraud risks and their likelihood and impact. Furthermore, existing relationships and communication channels across CMS and its",5.837501049041748,8.138899803161621,2.301398754119873,0.172821968793869,1,yarn4
flashprefill_tail0,2,8192,4048,middle,earlier,0,a12d1df7a84ab7478fc861b8b0221e9b0dd8d0e6a96d18fc,16376, extensive," could provide key information about fraud risks and their likelihood and impact. Furthermore, existing relationships and communication channels across CMS and its",5.837501049041748,8.138899803161621,2.301398754119873,0.172821968793869,1,yarn4
flashprefill_tail1,2,8192,4048,middle,earlier,0,a12d1df7a84ab7478fc861b8b0221e9b0dd8d0e6a96d18fc,16376, extensive," could provide key information about fraud risks and their likelihood and impact. Furthermore, existing relationships and communication channels across CMS and its",5.837501049041748,8.138899803161621,2.301398754119873,0.172821968793869,1,yarn4
flashprefill_tail0,2,4096,4048,tail,last_block,0,a12d1df7a84ab7478fc861b8b0221e9b0dd8d0e6a96d18fc,16376, extensive," could provide key information about fraud risks and their likelihood and impact. Furthermore, existing relationships and communication channels across CMS and its",5.89107608795166,8.18539047241211,2.294314384460449,0.1637244820594787,1,yarn4
flashprefill_tail2,1,32768,32574,tail,penultimate_block,1,99f4c9b3ae17f0f11db1ec1965778c695a021407717a969a,422, D," Management Platform, which is a web- based user interface that assembles patient clinical data from all VistA instances and",4.085155487060547,6.378399848937988,2.2932443618774414,0.0299552846699953,1,yarn4
flashprefill_tail0,3,16384,16272,tail,last_block,0,ba50360a6669fb0e2fbd41a020483b9bab271b5ce69b5c87,12322, capture, the same level of granularity as the maps of fixed broadband (see fig. 4). FCC collects and uses data that,6.895413875579834,9.169757843017578,2.274343967437744,0.134432166814804,0,yarn4
flashprefill_tail0,2,65536,58933,late,earlier,0,f205ea85a60f0353bd98268ae9f5f6ae702788629c9061be,438, as,AA permitted OTs (or cooperative agreements) to include a clause requiring a person or entity to make payments to DOD,0.219903826713562,2.474419355392456,2.254515647888184,1.551953673362732,0,yarn4
flashprefill_tail1,2,65536,58933,late,earlier,0,f205ea85a60f0353bd98268ae9f5f6ae702788629c9061be,438, as,AA permitted OTs (or cooperative agreements) to include a clause requiring a person or entity to make payments to DOD,0.219903826713562,2.474419355392456,2.254515647888184,1.551953673362732,0,yarn4
flashprefill_tail2,2,65536,58933,late,earlier,0,f205ea85a60f0353bd98268ae9f5f6ae702788629c9061be,438, as,AA permitted OTs (or cooperative agreements) to include a clause requiring a person or entity to make payments to DOD,0.219903826713562,2.474419355392456,2.254515647888184,1.551953673362732,0,yarn4
flashprefill_tail0,3,65536,32829,middle,earlier,0,38a5830e9f6eb481ec9b4eb23eb5204a6f3d51831fdb2845,11,","," Chairman Palmer, Ranking Member Krishnamoorthi, Ranking Member Raskin, and Members of the Subcommittees",2.0748777389526367,4.312070846557617,2.2371931076049805,0.8560537099838257,1,yarn4
flashprefill_tail2,3,65536,32829,middle,earlier,0,38a5830e9f6eb481ec9b4eb23eb5204a6f3d51831fdb2845,11,","," Chairman Palmer, Ranking Member Krishnamoorthi, Ranking Member Raskin, and Members of the Subcommittees",2.0748777389526367,4.312070846557617,2.2371931076049805,0.8560537099838257,1,yarn4
flashprefill_tail1,3,65536,32829,middle,earlier,0,38a5830e9f6eb481ec9b4eb23eb5204a6f3d51831fdb2845,11,","," Chairman Palmer, Ranking Member Krishnamoorthi, Ranking Member Raskin, and Members of the Subcommittees",2.0748777389526367,4.312070846557617,2.2371931076049805,0.8560537099838257,1,yarn4
flashprefill_tail1,0,32768,32601,tail,penultimate_block,0,505345771a2e5b438ea4bfa7c0f238f8787f45b0ca52ef7d,14057,inv," the consequences might be. On May 23, 2018, DOD announced that it was dis",3.823333263397217,6.041268825531006,2.217935562133789,0.2397940456867218,0,yarn4
flashprefill_tail0,0,32768,32601,tail,penultimate_block,0,505345771a2e5b438ea4bfa7c0f238f8787f45b0ca52ef7d,14057,inv," the consequences might be. On May 23, 2018, DOD announced that it was dis",3.823333263397217,6.041268825531006,2.217935562133789,0.2397940456867218,0,yarn4
flashprefill_tail1,0,32768,32746,tail,last_block,1,505345771a2e5b438ea4bfa7c0f238f8787f45b0ca52ef7d,21399, invite," response to China's actions in the ECS and SCS have argued that the United States should, among other things, not",2.846101760864258,5.0092949867248535,2.163193225860596,0.1684003919363021,1,native
flashprefill_tail1,0,131072,130696,tail,earlier,0,c2a4cfdac819a761d81184d9708cd683900944d37dbc8696,5795, goal," programs; subcontracting programs; and other assistance (e.g., contracting technical training assistance and oversight of the federal small business",3.06911849975586,5.22252368927002,2.15340518951416,0.5988802909851074,0,yarn4
flashprefill_tail2,0,131072,130696,tail,earlier,0,c2a4cfdac819a761d81184d9708cd683900944d37dbc8696,5795, goal," programs; subcontracting programs; and other assistance (e.g., contracting technical training assistance and oversight of the federal small business",3.06911849975586,5.22252368927002,2.15340518951416,0.5988802909851074,0,yarn4
flashprefill_tail0,0,131072,130696,tail,earlier,0,c2a4cfdac819a761d81184d9708cd683900944d37dbc8696,5795, goal," programs; subcontracting programs; and other assistance (e.g., contracting technical training assistance and oversight of the federal small business",3.06911849975586,5.22252368927002,2.15340518951416,0.5988802909851074,0,yarn4
flashprefill_tail2,0,8192,7858,tail,earlier,0,490f14d293ac1c261a07bd50aeac2e86a9e76c726d7883a2,14344, Chief," can threaten systems once they become operational. As we previously reported, in order to counter security threats, 23 civilian",11.726611137390137,13.877704620361328,2.1510934829711914,0.0423881039023399,1,yarn4
flashprefill_tail1,0,8192,7858,tail,earlier,0,490f14d293ac1c261a07bd50aeac2e86a9e76c726d7883a2,14344, Chief," can threaten systems once they become operational. As we previously reported, in order to counter security threats, 23 civilian",11.726611137390137,13.877704620361328,2.1510934829711914,0.0423881039023399,1,yarn4
flashprefill_tail0,0,8192,7858,tail,earlier,0,490f14d293ac1c261a07bd50aeac2e86a9e76c726d7883a2,14344, Chief," can threaten systems once they become operational. As we previously reported, in order to counter security threats, 23 civilian",11.726611137390137,13.877704620361328,2.1510934829711914,0.0423881039023399,1,yarn4
flashprefill_tail0,0,4096,3784,tail,earlier,0,1cc2cbc27f3df5062fc6902a5b039e5c1c6d89f0f221e97f,6527, October, to balance the benefits of IPA rotators’ travel with the travel costs. According to the Task Force on Fiscal Oversight’s,0.3606648445129394,2.482039213180542,2.1213743686676025,1.1973286867141724,0,yarn4
flashprefill_tail1,0,4096,3784,tail,earlier,0,1cc2cbc27f3df5062fc6902a5b039e5c1c6d89f0f221e97f,6527, October, to balance the benefits of IPA rotators’ travel with the travel costs. According to the Task Force on Fiscal Oversight’s,0.3606648445129394,2.482039213180542,2.1213743686676025,1.1973286867141724,0,yarn4
flashprefill_tail2,0,4096,3784,tail,earlier,0,1cc2cbc27f3df5062fc6902a5b039e5c1c6d89f0f221e97f,6527, October, to balance the benefits of IPA rotators’ travel with the travel costs. According to the Task Force on Fiscal Oversight’s,0.3606648445129394,2.482039213180542,2.1213743686676025,1.1973286867141724,0,yarn4
flashprefill_tail2,1,65536,65338,tail,penultimate_block,1,8ea6dbec3f301d7d0fc538441e0a776832f777a928c44666,444, L," public health and access to medicines. In 2005, members agreed to amend TRIPS to allow developing and",2.662296772003174,4.757669925689697,2.0953731536865234,0.0952166095376014,1,yarn4
flashprefill_tail2,3,65536,65111,tail,earlier,0,27d885cb5ea10bfe6a9123867b285a9850aa8415d960493b,12180, obtained," of state Medicaid agencies regarding coverage, spending, enrollment, and oversight of assisted living services in 2014,",6.641542434692383,8.733624458312988,2.092082023620605,0.3661872148513794,1,yarn4
flashprefill_tail1,3,65536,65111,tail,earlier,0,27d885cb5ea10bfe6a9123867b285a9850aa8415d960493b,12180, obtained," of state Medicaid agencies regarding coverage, spending, enrollment, and oversight of assisted living services in 2014,",6.641542434692383,8.733624458312988,2.092082023620605,0.3661872148513794,1,yarn4
flashprefill_tail2,2,131072,13109,early,earlier,0,679f8b9b9a028f34abb79be22c978d1d4b377ce6ca1f12f9,369, for," that Congress provide two-year funds for CIPA (in other words, that Congress make funds available for both the fiscal year",2.46777868270874,4.551712512969971,2.0839338302612305,0.6757833957672119,1,yarn4
flashprefill_tail1,2,131072,13109,early,earlier,0,679f8b9b9a028f34abb79be22c978d1d4b377ce6ca1f12f9,369, for," that Congress provide two-year funds for CIPA (in other words, that Congress make funds available for both the fiscal year",2.46777868270874,4.551712512969971,2.0839338302612305,0.6757833957672119,1,yarn4
flashprefill_tail0,2,131072,13109,early,earlier,0,679f8b9b9a028f34abb79be22c978d1d4b377ce6ca1f12f9,369, for," that Congress provide two-year funds for CIPA (in other words, that Congress make funds available for both the fiscal year",2.46777868270874,4.551712512969971,2.0839338302612305,0.6757833957672119,1,yarn4
flashprefill_tail1,0,65536,65211,tail,earlier,0,505345771a2e5b438ea4bfa7c0f238f8787f45b0ca52ef7d,84289, Soviets," policy stance and accompanying restraint have characterized the U.S. attitude toward foreign surveillance activity since the Cold War. Then, the",3.764040470123291,5.833230018615723,2.069189548492432,0.3014369010925293,1,yarn4
flashprefill_tail2,0,65536,65211,tail,earlier,0,505345771a2e5b438ea4bfa7c0f238f8787f45b0ca52ef7d,84289, Soviets," policy stance and accompanying restraint have characterized the U.S. attitude toward foreign surveillance activity since the Cold War. Then, the",3.764040470123291,5.833230018615723,2.069189548492432,0.3014369010925293,1,yarn4
flashprefill_tail1,3,65536,65127,tail,earlier,0,27d885cb5ea10bfe6a9123867b285a9850aa8415d960493b,4180, States," services in 2014, obtained information on challenges for Medicaid beneficiaries to access assisted living services in their states.",4.590264797210693,6.650843620300293,2.0605788230896,1.1229989528656006,0,yarn4
flashprefill_tail0,3,16384,16266,tail,last_block,0,ba50360a6669fb0e2fbd41a020483b9bab271b5ce69b5c87,37576, FCC, allow users to access data at the same level of granularity as the maps of fixed broadband (see fig. 4).,1.9874869585037231,4.033738136291504,2.0462512969970703,0.3791473805904388,0,yarn4
flashprefill_tail2,2,16384,15958,tail,earlier,0,679f8b9b9a028f34abb79be22c978d1d4b377ce6ca1f12f9,1154," ,"," Countering Russian Influence Fund ($300 million). The enacted legislation, P.L. 116-6",0.2836247384548187,2.323706150054932,2.04008150100708,1.2795140743255615,0,yarn4
flashprefill_tail1,2,16384,15958,tail,earlier,0,679f8b9b9a028f34abb79be22c978d1d4b377ce6ca1f12f9,1154," ,"," Countering Russian Influence Fund ($300 million). The enacted legislation, P.L. 116-6",0.2836247384548187,2.323706150054932,2.04008150100708,1.2795140743255615,0,yarn4
flashprefill_tail0,2,16384,15958,tail,earlier,0,679f8b9b9a028f34abb79be22c978d1d4b377ce6ca1f12f9,1154," ,"," Countering Russian Influence Fund ($300 million). The enacted legislation, P.L. 116-6",0.2836247384548187,2.323706150054932,2.04008150100708,1.2795140743255615,0,yarn4
flashprefill_tail0,0,8192,7422,late,earlier,0,490f14d293ac1c261a07bd50aeac2e86a9e76c726d7883a2,8597, previously," IT in fiscal year 2018—the largest amount ever budgeted. Despite such large IT expenditures, we have",2.6397416591644287,4.673295974731445,2.0335543155670166,0.2630508244037628,1,yarn4
flashprefill_tail2,0,8192,7422,late,earlier,0,490f14d293ac1c261a07bd50aeac2e86a9e76c726d7883a2,8597, previously," IT in fiscal year 2018—the largest amount ever budgeted. Despite such large IT expenditures, we have",2.6397416591644287,4.673295974731445,2.0335543155670166,0.2630508244037628,1,yarn4
flashprefill_tail1,0,8192,7422,late,earlier,0,490f14d293ac1c261a07bd50aeac2e86a9e76c726d7883a2,8597, previously," IT in fiscal year 2018—the largest amount ever budgeted. Despite such large IT expenditures, we have",2.6397416591644287,4.673295974731445,2.0335543155670166,0.2630508244037628,1,yarn4
flashprefill_tail0,3,32768,32463,tail,earlier,0,38a5830e9f6eb481ec9b4eb23eb5204a6f3d51831fdb2845,11,","," our 2006 report, we recommended that FNS develop a strategy to increase penalties for trafficking. The Food",5.4022064208984375,7.3931474685668945,1.990941047668457,0.0102521236985921,1,yarn4
flashprefill_tail2,3,32768,32463,tail,earlier,0,38a5830e9f6eb481ec9b4eb23eb5204a6f3d51831fdb2845,11,","," our 2006 report, we recommended that FNS develop a strategy to increase penalties for trafficking. The Food",5.4022064208984375,7.3931474685668945,1.990941047668457,0.0102521236985921,1,yarn4
flashprefill_tail1,3,32768,32463,tail,earlier,0,38a5830e9f6eb481ec9b4eb23eb5204a6f3d51831fdb2845,11,","," our 2006 report, we recommended that FNS develop a strategy to increase penalties for trafficking. The Food",5.4022064208984375,7.3931474685668945,1.990941047668457,0.0102521236985921,1,yarn4
flashprefill_tail0,3,4096,3645,tail,earlier,0,9b6fabdffaa8eaf6c613e829f3507a8af89929d8c5b974c4,10858, Corpor," been used to facilitate the purchase of illegal drugs, which can result in students being arrested in school and expelled. Use of",4.006349563598633,5.988723278045654,1.9823737144470213,0.685560405254364,0,yarn4
flashprefill_tail1,3,4096,3645,tail,earlier,0,9b6fabdffaa8eaf6c613e829f3507a8af89929d8c5b974c4,10858, Corpor," been used to facilitate the purchase of illegal drugs, which can result in students being arrested in school and expelled. Use of",4.006349563598633,5.988723278045654,1.9823737144470213,0.685560405254364,0,yarn4
flashprefill_tail2,3,4096,3645,tail,earlier,0,9b6fabdffaa8eaf6c613e829f3507a8af89929d8c5b974c4,10858, Corpor," been used to facilitate the purchase of illegal drugs, which can result in students being arrested in school and expelled. Use of",4.006349563598633,5.988723278045654,1.9823737144470213,0.685560405254364,0,yarn4
flashprefill_tail0,1,4096,4065,tail,last_block,0,a6d311b6722cdf0fd1e95f07371162c59183a53db1fc5f62,17,2," to evaluate the effectiveness of agencies’ information security programs are based on a five-level maturity model, as described in table ",0.2605463862419128,2.2198877334594727,1.959341287612915,1.201387882232666,0,yarn4
flashprefill_tail1,2,131072,13114,early,earlier,0,679f8b9b9a028f34abb79be22c978d1d4b377ce6ca1f12f9,86413, appropriated," funds for CIPA (in other words, that Congress make funds available for both the fiscal year for which the funds were",0.8616830110549927,2.793399810791016,1.931716799736023,0.7873973846435547,0,yarn4
flashprefill_tail2,2,131072,13114,early,earlier,0,679f8b9b9a028f34abb79be22c978d1d4b377ce6ca1f12f9,86413, appropriated," funds for CIPA (in other words, that Congress make funds available for both the fiscal year for which the funds were",0.8616830110549927,2.793399810791016,1.931716799736023,0.7873973846435547,0,yarn4
flashprefill_tail0,2,131072,13114,early,earlier,0,679f8b9b9a028f34abb79be22c978d1d4b377ce6ca1f12f9,86413, appropriated," funds for CIPA (in other words, that Congress make funds available for both the fiscal year for which the funds were",0.8616830110549927,2.793399810791016,1.931716799736023,0.7873973846435547,0,yarn4
flashprefill_tail2,0,131072,130954,tail,last_block,1,c2a4cfdac819a761d81184d9708cd683900944d37dbc8696,8086, construction,"750,000 thereafter. Federal agencies are authorized to award contracts for goods or services, or to perform",4.63601016998291,6.555493354797363,1.919483184814453,0.1456046998500824,1,yarn4
flashprefill_tail0,1,8192,4065,middle,earlier,0,a6d311b6722cdf0fd1e95f07371162c59183a53db1fc5f62,17,2," to evaluate the effectiveness of agencies’ information security programs are based on a five-level maturity model, as described in table ",0.2583100497722626,2.1661407947540283,1.9078307151794436,1.1704082489013672,0,yarn4
flashprefill_tail1,1,8192,4065,middle,earlier,0,a6d311b6722cdf0fd1e95f07371162c59183a53db1fc5f62,17,2," to evaluate the effectiveness of agencies’ information security programs are based on a five-level maturity model, as described in table ",0.2583100497722626,2.1661407947540283,1.9078307151794436,1.1704082489013672,0,yarn4
flashprefill_tail2,1,8192,4065,middle,earlier,0,a6d311b6722cdf0fd1e95f07371162c59183a53db1fc5f62,17,2," to evaluate the effectiveness of agencies’ information security programs are based on a five-level maturity model, as described in table ",0.2583100497722626,2.1661407947540283,1.9078307151794436,1.1704082489013672,0,yarn4
flashprefill_tail0,2,131072,130907,tail,penultimate_block,0,f8a0313fccf5acb9eed57e3363eecb4d2b0b7f72639a82f4,18004, declaration,", IEEPA has served as an integral part of the postwar international sanctions regime. The President, either through a",2.036966323852539,3.9081530570983887,1.8711867332458496,0.3497153222560882,1,yarn4
flashprefill_tail1,2,131072,130907,tail,penultimate_block,0,f8a0313fccf5acb9eed57e3363eecb4d2b0b7f72639a82f4,18004, declaration,", IEEPA has served as an integral part of the postwar international sanctions regime. The President, either through a",2.036966323852539,3.9081530570983887,1.8711867332458496,0.3497153222560882,1,yarn4
flashprefill_tail1,3,16384,16273,tail,last_block,1,ba50360a6669fb0e2fbd41a020483b9bab271b5ce69b5c87,40825, broadband, same level of granularity as the maps of fixed broadband (see fig. 4). FCC collects and uses data that capture,2.5889127254486084,4.4470062255859375,1.858093500137329,0.2930118143558502,1,yarn4
flashprefill_tail2,0,131072,117917,late,earlier,0,a6d311b6722cdf0fd1e95f07371162c59183a53db1fc5f62,304, in," did not submit the plan to Congress, as called for in the act. Even though DHS submitted the plan to OMB",0.6490420699119568,2.499971389770508,1.8509292602539065,0.6771650910377502,0,yarn4
flashprefill_tail1,0,131072,117917,late,earlier,0,a6d311b6722cdf0fd1e95f07371162c59183a53db1fc5f62,304, in," did not submit the plan to Congress, as called for in the act. Even though DHS submitted the plan to OMB",0.6490420699119568,2.499971389770508,1.8509292602539065,0.6771650910377502,0,yarn4
flashprefill_tail0,0,131072,117917,late,earlier,0,a6d311b6722cdf0fd1e95f07371162c59183a53db1fc5f62,304, in," did not submit the plan to Congress, as called for in the act. Even though DHS submitted the plan to OMB",0.6490420699119568,2.499971389770508,1.8509292602539065,0.6771650910377502,0,yarn4
flashprefill_tail1,0,32768,3353,early,earlier,0,1cc2cbc27f3df5062fc6902a5b039e5c1c6d89f0f221e97f,22,7, NSF waived the cost-share requirement because cost- sharing would not decrease the overall federal cost. In November 201,0.0797396525740623,1.9240373373031616,1.8442976474761963,1.5516175031661987,0,yarn4
flashprefill_tail2,0,32768,3353,early,earlier,0,1cc2cbc27f3df5062fc6902a5b039e5c1c6d89f0f221e97f,22,7, NSF waived the cost-share requirement because cost- sharing would not decrease the overall federal cost. In November 201,0.0797396525740623,1.9240373373031616,1.8442976474761963,1.5516175031661987,0,yarn4
flashprefill_tail0,0,32768,3353,early,earlier,0,1cc2cbc27f3df5062fc6902a5b039e5c1c6d89f0f221e97f,22,7, NSF waived the cost-share requirement because cost- sharing would not decrease the overall federal cost. In November 201,0.0797396525740623,1.9240373373031616,1.8442976474761963,1.5516175031661987,0,yarn4
flashprefill_tail1,1,32768,32273,tail,earlier,0,99f4c9b3ae17f0f11db1ec1965778c695a021407717a969a,506, O," In December 2013, VA initiated its VistA Evolution program as a joint effort of VHA and",0.6213361620903015,2.4586527347564697,1.8373165130615237,0.8025414943695068,0,yarn4
flashprefill_tail2,1,32768,32273,tail,earlier,0,99f4c9b3ae17f0f11db1ec1965778c695a021407717a969a,506, O," In December 2013, VA initiated its VistA Evolution program as a joint effort of VHA and",0.6213361620903015,2.4586527347564697,1.8373165130615237,0.8025414943695068,0,yarn4
flashprefill_tail0,1,32768,32273,tail,earlier,0,99f4c9b3ae17f0f11db1ec1965778c695a021407717a969a,506, O," In December 2013, VA initiated its VistA Evolution program as a joint effort of VHA and",0.6213361620903015,2.4586527347564697,1.8373165130615237,0.8025414943695068,0,yarn4
flashprefill_tail0,1,4096,4022,tail,last_block,0,a6d311b6722cdf0fd1e95f07371162c59183a53db1fc5f62,451, N," provide a maturity rating for agency information security policies, procedures, and practices related to the five core security functions established in the",0.2609865963459015,2.0888781547546387,1.82789158821106,1.8339736461639404,0,yarn4
flashprefill_tail0,3,131072,131055,tail,last_block,0,ad1e97265c4148aa84685bcfffe30b9009fb9f1788a0b7ff,25064, lease,3.) Regarding the acquisition for which no documentation of a lease-versus- purchase analysis was provided—a 12-month,0.7173502445220947,2.54053807258606,1.8231878280639648,0.7206012606620789,0,yarn4
flashprefill_tail0,0,131072,131055,tail,last_block,0,c2a4cfdac819a761d81184d9708cd683900944d37dbc8696,1711, ($," determining the acquisition method used. When the contract's anticipated total value, including any options, is less than $4 million",5.719873428344727,7.5402631759643555,1.820389747619629,0.0351964607834816,1,yarn4
flashprefill_tail0,1,8192,7810,tail,earlier,0,a6d311b6722cdf0fd1e95f07371162c59183a53db1fc5f62,389, on,". FISMA requires that DHS provide operational and technical assistance to agencies in implementing policies, principles, standards, and guidelines",1.2729771137237549,3.0924479961395264,1.8194708824157717,0.3540199398994446,1,yarn4
flashprefill_tail2,1,8192,7810,tail,earlier,0,a6d311b6722cdf0fd1e95f07371162c59183a53db1fc5f62,389, on,". FISMA requires that DHS provide operational and technical assistance to agencies in implementing policies, principles, standards, and guidelines",1.2729771137237549,3.0924479961395264,1.8194708824157717,0.3540199398994446,1,yarn4
flashprefill_tail1,1,8192,7810,tail,earlier,0,a6d311b6722cdf0fd1e95f07371162c59183a53db1fc5f62,389, on,". FISMA requires that DHS provide operational and technical assistance to agencies in implementing policies, principles, standards, and guidelines",1.2729771137237549,3.0924479961395264,1.8194708824157717,0.3540199398994446,1,yarn4
flashprefill_tail2,3,131072,131000,tail,last_block,1,ad1e97265c4148aa84685bcfffe30b9009fb9f1788a0b7ff,28858, Interior," completed lease-versus-purchase analysis tool; one documented the rationale for purchasing rather than leasing, although it did not include",17.656959533691406,19.47306632995605,1.8161067962646484,0.0055360016413033,1,yarn4
flashprefill_tail0,2,131072,130980,tail,last_block,0,f8a0313fccf5acb9eed57e3363eecb4d2b0b7f72639a82f4,320, (," the President declares that a national emergency exists, he may use the authority in Section 203 of IEEPA",3.138833522796631,4.935323715209961,1.79649019241333,0.0788329318165779,1,yarn4
flashprefill_tail0,3,131072,117913,late,earlier,0,75e7f2ffc9c09f0868bfe03fab087139f2c0c5da17f6887f,10186, policies,", DHS reviewed the integrated master schedule that IBC prepared to identify sources of risk and defined risk categories in TRIO project",7.409814834594727,9.199430465698242,1.7896156311035156,0.2336364984512329,0,yarn4
flashprefill_tail1,3,131072,117913,late,earlier,0,75e7f2ffc9c09f0868bfe03fab087139f2c0c5da17f6887f,10186, policies,", DHS reviewed the integrated master schedule that IBC prepared to identify sources of risk and defined risk categories in TRIO project",7.409814834594727,9.199430465698242,1.7896156311035156,0.2336364984512329,0,yarn4
flashprefill_tail2,3,131072,117913,late,earlier,0,75e7f2ffc9c09f0868bfe03fab087139f2c0c5da17f6887f,10186, policies,", DHS reviewed the integrated master schedule that IBC prepared to identify sources of risk and defined risk categories in TRIO project",7.409814834594727,9.199430465698242,1.7896156311035156,0.2336364984512329,0,yarn4
flashprefill_tail1,2,4096,3950,tail,penultimate_block,0,a12d1df7a84ab7478fc861b8b0221e9b0dd8d0e6a96d18fc,356, C," Medicare as a whole or divided into several subassessments to reflect their various component parts (e.g., Medicare Part",1.6679656505584717,3.456301689147949,1.7883360385894775,0.2025254666805267,1,yarn4
flashprefill_tail0,2,4096,3950,tail,penultimate_block,0,a12d1df7a84ab7478fc861b8b0221e9b0dd8d0e6a96d18fc,356, C," Medicare as a whole or divided into several subassessments to reflect their various component parts (e.g., Medicare Part",1.6679656505584717,3.456301689147949,1.7883360385894775,0.2025254666805267,1,yarn4
flashprefill_tail2,3,131072,130880,tail,penultimate_block,1,ad1e97265c4148aa84685bcfffe30b9009fb9f1788a0b7ff,7096, equipment,", local procurement specialists prepare procurement requests and ensure that procurement requirements are met and that all viable options have been considered. Regional",5.141706943511963,6.918852806091309,1.7771458625793457,0.0542862266302108,1,yarn4
flashprefill_tail2,1,4096,3723,tail,earlier,0,a6d311b6722cdf0fd1e95f07371162c59183a53db1fc5f62,26101, CAP," fiscal years 2016 and 2017, most agencies had not met all targets for the cybersecurity",13.190383911132812,14.95616340637207,1.7657794952392578,0.3940880000591278,1,yarn4
flashprefill_tail0,1,4096,3723,tail,earlier,0,a6d311b6722cdf0fd1e95f07371162c59183a53db1fc5f62,26101, CAP," fiscal years 2016 and 2017, most agencies had not met all targets for the cybersecurity",13.190383911132812,14.95616340637207,1.7657794952392578,0.3940880000591278,1,yarn4
flashprefill_tail1,1,4096,3723,tail,earlier,0,a6d311b6722cdf0fd1e95f07371162c59183a53db1fc5f62,26101, CAP," fiscal years 2016 and 2017, most agencies had not met all targets for the cybersecurity",13.190383911132812,14.95616340637207,1.7657794952392578,0.3940880000591278,1,yarn4
flashprefill_tail1,3,131072,131000,tail,last_block,1,ad1e97265c4148aa84685bcfffe30b9009fb9f1788a0b7ff,28858, Interior," completed lease-versus-purchase analysis tool; one documented the rationale for purchasing rather than leasing, although it did not include",17.656959533691406,19.395736694335938,1.7387771606445312,0.0069372011348605,1,yarn4
flashprefill_tail2,1,16384,14770,late,earlier,0,a6d311b6722cdf0fd1e95f07371162c59183a53db1fc5f62,11627, nine, DHS regarding their efforts to fulfill their requirements described in the act. determined the effectiveness of corrective actions taken by DHS to address,7.623776912689209,9.351089477539062,1.7273125648498535,0.5753315687179565,1,yarn4
flashprefill_tail1,1,16384,14770,late,earlier,0,a6d311b6722cdf0fd1e95f07371162c59183a53db1fc5f62,11627, nine, DHS regarding their efforts to fulfill their requirements described in the act. determined the effectiveness of corrective actions taken by DHS to address,7.623776912689209,9.351089477539062,1.7273125648498535,0.5753315687179565,1,yarn4
flashprefill_tail0,1,16384,14770,late,earlier,0,a6d311b6722cdf0fd1e95f07371162c59183a53db1fc5f62,11627, nine, DHS regarding their efforts to fulfill their requirements described in the act. determined the effectiveness of corrective actions taken by DHS to address,7.623776912689209,9.351089477539062,1.7273125648498535,0.5753315687179565,1,yarn4
flashprefill_tail2,1,131072,130895,tail,penultimate_block,1,9fb60bd9896530a232a2f60b678f1656122cfec5fa2d0bce,27401, Iranian,"'s Mediterranean coast. To date, however, Russia does not appear to have acted militarily to thwart Israeli air strikes against",4.435690879821777,6.160740852355957,1.7250499725341797,0.301706463098526,1,yarn4
flashprefill_tail0,2,32768,32331,tail,earlier,0,1d3a7aa618929e4e3e7f17d8542f5141de8afd669f292e43,22,7,’s 2018 report highlights that the Section 130 Program has seen great success since 19,0.9663662314414978,2.6874899864196777,1.7211236953735352,0.4871614575386047,1,yarn4
flashprefill_tail1,2,32768,32331,tail,earlier,0,1d3a7aa618929e4e3e7f17d8542f5141de8afd669f292e43,22,7,’s 2018 report highlights that the Section 130 Program has seen great success since 19,0.9663662314414978,2.6874899864196777,1.7211236953735352,0.4871614575386047,1,yarn4
flashprefill_tail2,2,32768,32331,tail,earlier,0,1d3a7aa618929e4e3e7f17d8542f5141de8afd669f292e43,22,7,’s 2018 report highlights that the Section 130 Program has seen great success since 19,0.9663662314414978,2.6874899864196777,1.7211236953735352,0.4871614575386047,1,yarn4
flashprefill_tail0,3,32768,32717,tail,last_block,0,38a5830e9f6eb481ec9b4eb23eb5204a6f3d51831fdb2845,434, F," retailer trafficking since our 2006 report. However, we and others, including a group of experts convened by",1.7903698682785034,3.505814552307129,1.7154446840286257,0.1834639608860016,1,yarn4
flashprefill_tail1,1,131072,130846,tail,penultimate_block,0,9fb60bd9896530a232a2f60b678f1656122cfec5fa2d0bce,328, S," in Syria could make it more difficult for Israel to operate there. Since 2015, Russia has operated an",5.359914779663086,7.072497367858887,1.7125825881958008,0.0299060568213462,1,yarn4
flashprefill_tail0,1,131072,130846,tail,penultimate_block,0,9fb60bd9896530a232a2f60b678f1656122cfec5fa2d0bce,328, S," in Syria could make it more difficult for Israel to operate there. Since 2015, Russia has operated an",5.359914779663086,7.072497367858887,1.7125825881958008,0.0299060568213462,1,yarn4
flashprefill_tail1,2,8192,4081,middle,earlier,0,a12d1df7a84ab7478fc861b8b0221e9b0dd8d0e6a96d18fc,821, data," understanding of known and potential fraud risks for the purposes of a fraud risk assessment. For example, the fraud vulnerabilities identified through",1.234756350517273,2.94254207611084,1.707785725593567,0.4165529310703277,0,yarn4
flashprefill_tail0,2,8192,4081,middle,earlier,0,a12d1df7a84ab7478fc861b8b0221e9b0dd8d0e6a96d18fc,821, data," understanding of known and potential fraud risks for the purposes of a fraud risk assessment. For example, the fraud vulnerabilities identified through",1.234756350517273,2.94254207611084,1.707785725593567,0.4165529310703277,0,yarn4
flashprefill_tail2,2,8192,4081,middle,earlier,0,a12d1df7a84ab7478fc861b8b0221e9b0dd8d0e6a96d18fc,821, data," understanding of known and potential fraud risks for the purposes of a fraud risk assessment. For example, the fraud vulnerabilities identified through",1.234756350517273,2.94254207611084,1.707785725593567,0.4165529310703277,0,yarn4
flashprefill_tail0,0,32768,32755,tail,last_block,0,505345771a2e5b438ea4bfa7c0f238f8787f45b0ca52ef7d,16,1," SCS have argued that the United States should, among other things, not invite China to participate in the 20",0.7576553225517273,2.463982105255127,1.7063267230987549,0.5110975503921509,1,native
flashprefill_tail2,0,131072,65587,middle,earlier,0,505345771a2e5b438ea4bfa7c0f238f8787f45b0ca52ef7d,28001, jurisdiction, the EEZ articles in the United Nations Convention on the Law of the Sea (UNCLOS) as granting a coastal state,3.7744407653808594,5.474114894866943,1.699674129486084,0.1083662807941436,1,yarn4
flashprefill_tail0,0,131072,65587,middle,earlier,0,505345771a2e5b438ea4bfa7c0f238f8787f45b0ca52ef7d,28001, jurisdiction, the EEZ articles in the United Nations Convention on the Law of the Sea (UNCLOS) as granting a coastal state,3.7744407653808594,5.474114894866943,1.699674129486084,0.1083662807941436,1,yarn4
flashprefill_tail1,0,131072,65587,middle,earlier,0,505345771a2e5b438ea4bfa7c0f238f8787f45b0ca52ef7d,28001, jurisdiction, the EEZ articles in the United Nations Convention on the Law of the Sea (UNCLOS) as granting a coastal state,3.7744407653808594,5.474114894866943,1.699674129486084,0.1083662807941436,1,yarn4
flashprefill_tail1,0,131072,13151,early,earlier,0,490f14d293ac1c261a07bd50aeac2e86a9e76c726d7883a2,25262, optimization,MB and the 24 DCOI agencies to help improve the reporting of data center-related cost savings and to achieve,5.261976718902588,6.946781158447266,1.6848044395446775,0.0261148232966661,1,yarn4
flashprefill_tail2,0,131072,13151,early,earlier,0,490f14d293ac1c261a07bd50aeac2e86a9e76c726d7883a2,25262, optimization,MB and the 24 DCOI agencies to help improve the reporting of data center-related cost savings and to achieve,5.261976718902588,6.946781158447266,1.6848044395446775,0.0261148232966661,1,yarn4
flashprefill_tail2,0,32768,16419,middle,earlier,0,505345771a2e5b438ea4bfa7c0f238f8787f45b0ca52ef7d,4882, South, crisis or conflict between China and Taiwan; fulfill U.S. obligations under U.S defense treaties with Japan and the Philippines and,5.7190680503845215,7.387653350830078,1.6685853004455566,0.0633970648050308,0,yarn4
flashprefill_tail1,0,32768,16419,middle,earlier,0,505345771a2e5b438ea4bfa7c0f238f8787f45b0ca52ef7d,4882, South, crisis or conflict between China and Taiwan; fulfill U.S. obligations under U.S defense treaties with Japan and the Philippines and,5.7190680503845215,7.387653350830078,1.6685853004455566,0.0633970648050308,0,yarn4
flashprefill_tail0,0,32768,16419,middle,earlier,0,505345771a2e5b438ea4bfa7c0f238f8787f45b0ca52ef7d,4882, South, crisis or conflict between China and Taiwan; fulfill U.S. obligations under U.S defense treaties with Japan and the Philippines and,5.7190680503845215,7.387653350830078,1.6685853004455566,0.0633970648050308,0,yarn4
flashprefill_tail0,1,32768,16378,middle,earlier,0,ff191f2d1d1e910150ba1af73d4d17215693b438f9cd5787,5916, starting," and Medicaid were $1.45 billion. As mentioned previously, we designated Medicare and Medicaid as high- risk programs",9.83309268951416,11.496389389038086,1.6632966995239258,0.0407943204045295,1,native
flashprefill_tail2,1,32768,16378,middle,earlier,0,ff191f2d1d1e910150ba1af73d4d17215693b438f9cd5787,5916, starting," and Medicaid were $1.45 billion. As mentioned previously, we designated Medicare and Medicaid as high- risk programs",9.83309268951416,11.496389389038086,1.6632966995239258,0.0407943204045295,1,native
flashprefill_tail1,1,32768,16378,middle,earlier,0,ff191f2d1d1e910150ba1af73d4d17215693b438f9cd5787,5916, starting," and Medicaid were $1.45 billion. As mentioned previously, we designated Medicare and Medicaid as high- risk programs",9.83309268951416,11.496389389038086,1.6632966995239258,0.0407943204045295,1,native
flashprefill_tail2,1,131072,65482,middle,earlier,0,8ea6dbec3f301d7d0fc538441e0a776832f777a928c44666,5546, counter, trade practices on domestic industries and workers. These include actions taken against dumping (selling at an unfairly low price) or to,1.3898671865463257,3.0525007247924805,1.6626335382461548,0.4318350553512573,1,yarn4
flashprefill_tail1,1,131072,65482,middle,earlier,0,8ea6dbec3f301d7d0fc538441e0a776832f777a928c44666,5546, counter, trade practices on domestic industries and workers. These include actions taken against dumping (selling at an unfairly low price) or to,1.3898671865463257,3.0525007247924805,1.6626335382461548,0.4318350553512573,1,yarn4
flashprefill_tail1,3,16384,8174,middle,earlier,0,9b6fabdffaa8eaf6c613e829f3507a8af89929d8c5b974c4,14429, III," school-based referrals to law enforcement. For a list of other technical assistance centers related to student behavior or discipline, see appendix",0.2870537340641022,1.9391270875930784,1.6520733833312988,1.002354383468628,0,yarn4
flashprefill_tail0,3,16384,8174,middle,earlier,0,9b6fabdffaa8eaf6c613e829f3507a8af89929d8c5b974c4,14429, III," school-based referrals to law enforcement. For a list of other technical assistance centers related to student behavior or discipline, see appendix",0.2870537340641022,1.9391270875930784,1.6520733833312988,1.002354383468628,0,yarn4
flashprefill_tail2,3,16384,8174,middle,earlier,0,9b6fabdffaa8eaf6c613e829f3507a8af89929d8c5b974c4,14429, III," school-based referrals to law enforcement. For a list of other technical assistance centers related to student behavior or discipline, see appendix",0.2870537340641022,1.9391270875930784,1.6520733833312988,1.002354383468628,0,yarn4
flashprefill_tail0,3,32768,32696,tail,last_block,0,38a5830e9f6eb481ec9b4eb23eb5204a6f3d51831fdb2845,1039, our, that were trafficked and the percentage of retailers involved. These data suggest an increase in the estimated rate of retailer trafficking since,1.234424114227295,2.8842966556549072,1.6498725414276123,0.3175581097602844,1,yarn4
flashprefill_tail1,3,16384,16228,tail,penultimate_block,0,ba50360a6669fb0e2fbd41a020483b9bab271b5ce69b5c87,37576, FCC," lands (see fig. 3). According to FCC officials, this new map format will support more frequent data updates.",1.9207288026809688,3.5656723976135254,1.6449435949325562,0.2846583425998688,0,yarn4
flashprefill_tail0,3,16384,16228,tail,penultimate_block,0,ba50360a6669fb0e2fbd41a020483b9bab271b5ce69b5c87,37576, FCC," lands (see fig. 3). According to FCC officials, this new map format will support more frequent data updates.",1.9207288026809688,3.5656723976135254,1.6449435949325562,0.2846583425998688,0,yarn4
flashprefill_tail1,2,32768,16403,middle,earlier,0,679f8b9b9a028f34abb79be22c978d1d4b377ce6ca1f12f9,4678, House," funded through a proposed repurposing of FY2015 Ebola emergency funds), and nutrition (-37%). The",2.049391746520996,3.6691060066223145,1.6197142601013184,0.1853236854076385,1,native
flashprefill_tail0,2,32768,16403,middle,earlier,0,679f8b9b9a028f34abb79be22c978d1d4b377ce6ca1f12f9,4678, House," funded through a proposed repurposing of FY2015 Ebola emergency funds), and nutrition (-37%). The",2.049391746520996,3.6691060066223145,1.6197142601013184,0.1853236854076385,1,native
flashprefill_tail2,2,32768,16403,middle,earlier,0,679f8b9b9a028f34abb79be22c978d1d4b377ce6ca1f12f9,4678, House," funded through a proposed repurposing of FY2015 Ebola emergency funds), and nutrition (-37%). The",2.049391746520996,3.6691060066223145,1.6197142601013184,0.1853236854076385,1,native
flashprefill_tail0,3,16384,16279,tail,last_block,0,ba50360a6669fb0e2fbd41a020483b9bab271b5ce69b5c87,389, on, maps of fixed broadband (see fig. 4). FCC collects and uses data that capture broadband availability to measure broadband access,5.0069260597229,6.622481822967529,1.615555763244629,0.0246191900223493,1,yarn4
flashprefill_tail0,1,32768,16377,middle,earlier,0,ff191f2d1d1e910150ba1af73d4d17215693b438f9cd5787,7468, programs," Medicare and Medicaid were $1.45 billion. As mentioned previously, we designated Medicare and Medicaid as high- risk",1.487565994262695,3.08585786819458,1.5982918739318848,0.2323557734489441,1,yarn4
flashprefill_tail2,1,32768,16377,middle,earlier,0,ff191f2d1d1e910150ba1af73d4d17215693b438f9cd5787,7468, programs," Medicare and Medicaid were $1.45 billion. As mentioned previously, we designated Medicare and Medicaid as high- risk",1.487565994262695,3.08585786819458,1.5982918739318848,0.2323557734489441,1,yarn4
flashprefill_tail1,1,32768,16377,middle,earlier,0,ff191f2d1d1e910150ba1af73d4d17215693b438f9cd5787,7468, programs," Medicare and Medicaid were $1.45 billion. As mentioned previously, we designated Medicare and Medicaid as high- risk",1.487565994262695,3.08585786819458,1.5982918739318848,0.2323557734489441,1,yarn4
flashprefill_tail1,2,32768,32603,tail,penultimate_block,0,1d3a7aa618929e4e3e7f17d8542f5141de8afd669f292e43,66589,recommend," the risk of crashes and fatalities at grade crossings. As required, FHWA’s biennial report includes a section on “",5.921477317810059,7.507473468780518,1.585996150970459,0.6836426258087158,0,yarn4
flashprefill_tail0,2,32768,32603,tail,penultimate_block,0,1d3a7aa618929e4e3e7f17d8542f5141de8afd669f292e43,66589,recommend," the risk of crashes and fatalities at grade crossings. As required, FHWA’s biennial report includes a section on “",5.921477317810059,7.507473468780518,1.585996150970459,0.6836426258087158,0,yarn4
flashprefill_tail0,3,32768,32588,tail,penultimate_block,0,38a5830e9f6eb481ec9b4eb23eb5204a6f3d51831fdb2845,5358, prevent,"7, the rules were considered “inactive.” In our ongoing work, we are continuing to assess FNS’s efforts to",1.611506104469299,3.1956863403320312,1.584180235862732,0.3809477984905243,1,yarn4
flashprefill_tail1,3,32768,32588,tail,penultimate_block,0,38a5830e9f6eb481ec9b4eb23eb5204a6f3d51831fdb2845,5358, prevent,"7, the rules were considered “inactive.” In our ongoing work, we are continuing to assess FNS’s efforts to",1.611506104469299,3.1956863403320312,1.584180235862732,0.3809477984905243,1,yarn4
flashprefill_tail0,3,32768,32404,tail,earlier,0,38a5830e9f6eb481ec9b4eb23eb5204a6f3d51831fdb2845,476, or,—rules to increase them. FNS imposes administrative penalties for retailer trafficking—generally a permanent disqualification from the program,1.4784879684448242,3.053178071975708,1.5746901035308838,0.2718237340450287,0,yarn4
flashprefill_tail1,3,32768,32404,tail,earlier,0,38a5830e9f6eb481ec9b4eb23eb5204a6f3d51831fdb2845,476, or,—rules to increase them. FNS imposes administrative penalties for retailer trafficking—generally a permanent disqualification from the program,1.4784879684448242,3.053178071975708,1.5746901035308838,0.2718237340450287,0,yarn4
flashprefill_tail2,3,32768,32404,tail,earlier,0,38a5830e9f6eb481ec9b4eb23eb5204a6f3d51831fdb2845,476, or,—rules to increase them. FNS imposes administrative penalties for retailer trafficking—generally a permanent disqualification from the program,1.4784879684448242,3.053178071975708,1.5746901035308838,0.2718237340450287,0,yarn4
flashprefill_tail1,0,32768,32490,tail,earlier,0,505345771a2e5b438ea4bfa7c0f238f8787f45b0ca52ef7d,7329, surface, [May 3]. U.S. news network CNBC reported on Wednesday that China had installed anti-ship cruise missiles and,0.4769560098648071,2.047572612762451,1.570616602897644,0.7116870880126953,0,yarn4
flashprefill_tail0,0,32768,32490,tail,earlier,0,505345771a2e5b438ea4bfa7c0f238f8787f45b0ca52ef7d,7329, surface, [May 3]. U.S. news network CNBC reported on Wednesday that China had installed anti-ship cruise missiles and,0.4769560098648071,2.047572612762451,1.570616602897644,0.7116870880126953,0,yarn4
flashprefill_tail2,0,32768,32490,tail,earlier,0,505345771a2e5b438ea4bfa7c0f238f8787f45b0ca52ef7d,7329, surface, [May 3]. U.S. news network CNBC reported on Wednesday that China had installed anti-ship cruise missiles and,0.4769560098648071,2.047572612762451,1.570616602897644,0.7116870880126953,0,yarn4
flashprefill_tail1,3,16384,16096,tail,earlier,0,ba50360a6669fb0e2fbd41a020483b9bab271b5ce69b5c87,37576, FCC,"a geospatial depiction of the coverage area, which FCC refers to as “polygons”—of their coverage areas.",1.452885389328003,3.0226950645446777,1.5698096752166748,0.2623704075813293,0,yarn4
flashprefill_tail0,3,16384,16096,tail,earlier,0,ba50360a6669fb0e2fbd41a020483b9bab271b5ce69b5c87,37576, FCC,"a geospatial depiction of the coverage area, which FCC refers to as “polygons”—of their coverage areas.",1.452885389328003,3.0226950645446777,1.5698096752166748,0.2623704075813293,0,yarn4
flashprefill_tail2,3,16384,16096,tail,earlier,0,ba50360a6669fb0e2fbd41a020483b9bab271b5ce69b5c87,37576, FCC,"a geospatial depiction of the coverage area, which FCC refers to as “polygons”—of their coverage areas.",1.452885389328003,3.0226950645446777,1.5698096752166748,0.2623704075813293,0,yarn4
flashprefill_tail0,0,32768,32670,tail,last_block,0,505345771a2e5b438ea4bfa7c0f238f8787f45b0ca52ef7d,19,4," two dozen countries that is held every two years. At DOD's invitation, China participated in the 201",0.9000383615493774,2.4648053646087646,1.5647670030593872,0.3804131150245666,1,native
flashprefill_tail0,2,32768,32666,tail,last_block,0,1d3a7aa618929e4e3e7f17d8542f5141de8afd669f292e43,2205, local,18 report identified one of the same challenges we heard about from state DOT officials related to the inability or unwillingness of,2.2752904891967773,3.82761812210083,1.5523276329040527,0.1925727128982544,1,yarn4
flashprefill_tail1,3,4096,3787,tail,earlier,0,9b6fabdffaa8eaf6c613e829f3507a8af89929d8c5b974c4,26438, districts," of the schools GAO visited used corporal punishment, according to officials. School district officials from three of the five selected",3.2204153537750244,4.772721767425537,1.5523064136505127,0.0737580507993698,1,yarn4
flashprefill_tail0,3,4096,3787,tail,earlier,0,9b6fabdffaa8eaf6c613e829f3507a8af89929d8c5b974c4,26438, districts," of the schools GAO visited used corporal punishment, according to officials. School district officials from three of the five selected",3.2204153537750244,4.772721767425537,1.5523064136505127,0.0737580507993698,1,yarn4
flashprefill_tail2,3,4096,3787,tail,earlier,0,9b6fabdffaa8eaf6c613e829f3507a8af89929d8c5b974c4,26438, districts," of the schools GAO visited used corporal punishment, according to officials. School district officials from three of the five selected",3.2204153537750244,4.772721767425537,1.5523064136505127,0.0737580507993698,1,yarn4
flashprefill_tail0,3,32768,32589,tail,penultimate_block,0,38a5830e9f6eb481ec9b4eb23eb5204a6f3d51831fdb2845,11,",",", the rules were considered “inactive.” In our ongoing work, we are continuing to assess FNS’s efforts to prevent",0.1879329979419708,1.7396767139434814,1.551743745803833,1.0439211130142212,0,yarn4
flashprefill_tail1,3,32768,32589,tail,penultimate_block,0,38a5830e9f6eb481ec9b4eb23eb5204a6f3d51831fdb2845,11,",",", the rules were considered “inactive.” In our ongoing work, we are continuing to assess FNS’s efforts to prevent",0.1879329979419708,1.7396767139434814,1.551743745803833,1.0439211130142212,0,yarn4
flashprefill_tail2,3,16384,16273,tail,last_block,1,ba50360a6669fb0e2fbd41a020483b9bab271b5ce69b5c87,40825, broadband, same level of granularity as the maps of fixed broadband (see fig. 4). FCC collects and uses data that capture,2.5889127254486084,4.136438369750977,1.5475256443023682,0.2495152056217193,1,yarn4
flashprefill_tail1,2,16384,8192,middle,earlier,0,679f8b9b9a028f34abb79be22c978d1d4b377ce6ca1f12f9,81017, Continuing,2018 funding and 30% more than requested. Neither bill received floor consideration in its respective chamber.,7.996172904968262,9.541852951049805,1.545680046081543,0.1353877484798431,1,yarn4
flashprefill_tail2,2,16384,8192,middle,earlier,0,679f8b9b9a028f34abb79be22c978d1d4b377ce6ca1f12f9,81017, Continuing,2018 funding and 30% more than requested. Neither bill received floor consideration in its respective chamber.,7.996172904968262,9.541852951049805,1.545680046081543,0.1353877484798431,1,yarn4
flashprefill_tail0,2,16384,8192,middle,earlier,0,679f8b9b9a028f34abb79be22c978d1d4b377ce6ca1f12f9,81017, Continuing,2018 funding and 30% more than requested. Neither bill received floor consideration in its respective chamber.,7.996172904968262,9.541852951049805,1.545680046081543,0.1353877484798431,1,yarn4
flashprefill_tail1,1,32768,16378,middle,earlier,0,ff191f2d1d1e910150ba1af73d4d17215693b438f9cd5787,5916, starting," and Medicaid were $1.45 billion. As mentioned previously, we designated Medicare and Medicaid as high- risk programs",8.985861778259277,10.495488166809082,1.509626388549805,0.0527763329446315,1,yarn4
flashprefill_tail0,1,32768,16378,middle,earlier,0,ff191f2d1d1e910150ba1af73d4d17215693b438f9cd5787,5916, starting," and Medicaid were $1.45 billion. As mentioned previously, we designated Medicare and Medicaid as high- risk programs",8.985861778259277,10.495488166809082,1.509626388549805,0.0527763329446315,1,yarn4
flashprefill_tail2,1,32768,16378,middle,earlier,0,ff191f2d1d1e910150ba1af73d4d17215693b438f9cd5787,5916, starting," and Medicaid were $1.45 billion. As mentioned previously, we designated Medicare and Medicaid as high- risk programs",8.985861778259277,10.495488166809082,1.509626388549805,0.0527763329446315,1,yarn4
flashprefill_tail1,3,8192,4143,middle,earlier,0,9b6fabdffaa8eaf6c613e829f3507a8af89929d8c5b974c4,14043, maps, 2013-14 data showed that corporal punishment tended to be most prevalent in southern states (see,8.87814998626709,10.379923820495604,1.5017738342285156,0.0777187868952751,1,yarn4
flashprefill_tail2,3,8192,4143,middle,earlier,0,9b6fabdffaa8eaf6c613e829f3507a8af89929d8c5b974c4,14043, maps, 2013-14 data showed that corporal punishment tended to be most prevalent in southern states (see,8.87814998626709,10.379923820495604,1.5017738342285156,0.0777187868952751,1,yarn4
flashprefill_tail0,3,8192,4143,middle,earlier,0,9b6fabdffaa8eaf6c613e829f3507a8af89929d8c5b974c4,14043, maps, 2013-14 data showed that corporal punishment tended to be most prevalent in southern states (see,8.87814998626709,10.379923820495604,1.5017738342285156,0.0777187868952751,1,yarn4
flashprefill_tail2,3,16384,14747,late,earlier,0,9b6fabdffaa8eaf6c613e829f3507a8af89929d8c5b974c4,8682, schools," and disability status, as well as the poverty level of school and the type of public school. Table 20:",2.788568019866944,4.276852130889893,1.4882841110229492,0.8308537602424622,1,yarn4
flashprefill_tail0,3,16384,14747,late,earlier,0,9b6fabdffaa8eaf6c613e829f3507a8af89929d8c5b974c4,8682, schools," and disability status, as well as the poverty level of school and the type of public school. Table 20:",2.788568019866944,4.276852130889893,1.4882841110229492,0.8308537602424622,1,yarn4
flashprefill_tail1,3,16384,14747,late,earlier,0,9b6fabdffaa8eaf6c613e829f3507a8af89929d8c5b974c4,8682, schools," and disability status, as well as the poverty level of school and the type of public school. Table 20:",2.788568019866944,4.276852130889893,1.4882841110229492,0.8308537602424622,1,yarn4
flashprefill_tail2,0,32768,32601,tail,penultimate_block,1,505345771a2e5b438ea4bfa7c0f238f8787f45b0ca52ef7d,14057,inv," the consequences might be. On May 23, 2018, DOD announced that it was dis",3.823333263397217,5.30917501449585,1.4858417510986328,0.0475642047822475,1,yarn4
flashprefill_tail0,2,32768,32663,tail,last_block,0,1d3a7aa618929e4e3e7f17d8542f5141de8afd669f292e43,45143, unwilling, 2018 report identified one of the same challenges we heard about from state DOT officials related to the inability or,2.470196485519409,3.9554812908172607,1.4852848052978516,0.1264519691467285,1,yarn4
flashprefill_tail1,1,8192,7993,tail,penultimate_block,0,a6d311b6722cdf0fd1e95f07371162c59183a53db1fc5f62,821, data,INSTEIN 2 and EINSTEIN 3 Accelerated is limited because DHS intentionally restricts the amount of,6.641138076782227,8.124772071838379,1.4836339950561523,0.0583656355738639,1,yarn4
flashprefill_tail0,1,8192,7993,tail,penultimate_block,0,a6d311b6722cdf0fd1e95f07371162c59183a53db1fc5f62,821, data,INSTEIN 2 and EINSTEIN 3 Accelerated is limited because DHS intentionally restricts the amount of,6.641138076782227,8.124772071838379,1.4836339950561523,0.0583656355738639,1,yarn4
flashprefill_tail1,2,8192,8066,tail,last_block,1,679f8b9b9a028f34abb79be22c978d1d4b377ce6ca1f12f9,13240, legislation,". For funding trends, see Table 1 . House and Senate SFOPS Legislation . FY2019 SFOPS",2.821676254272461,4.281498908996582,1.459822654724121,0.2638821303844452,1,yarn4
flashprefill_tail2,2,32768,29467,late,earlier,0,1d3a7aa618929e4e3e7f17d8542f5141de8afd669f292e43,49517,—to," in nature—what one engineer considers a close call, others may not. FRA developed another online tool—GradeDec",10.449244499206545,11.908050537109377,1.458806037902832,0.0245103035122156,1,yarn4
flashprefill_tail1,2,32768,29467,late,earlier,0,1d3a7aa618929e4e3e7f17d8542f5141de8afd669f292e43,49517,—to," in nature—what one engineer considers a close call, others may not. FRA developed another online tool—GradeDec",10.449244499206545,11.908050537109377,1.458806037902832,0.0245103035122156,1,yarn4
flashprefill_tail1,2,32768,32260,tail,earlier,0,1d3a7aa618929e4e3e7f17d8542f5141de8afd669f292e43,7079, projects,WA’s biennial report to Congress is intended to provide information to Congress on the progress being made by the states in implementing,3.82827353477478,5.285021781921387,1.4567482471466064,0.1320901811122894,1,yarn4
flashprefill_tail2,2,32768,32260,tail,earlier,0,1d3a7aa618929e4e3e7f17d8542f5141de8afd669f292e43,7079, projects,WA’s biennial report to Congress is intended to provide information to Congress on the progress being made by the states in implementing,3.82827353477478,5.285021781921387,1.4567482471466064,0.1320901811122894,1,yarn4
flashprefill_tail2,3,32768,32642,tail,last_block,1,38a5830e9f6eb481ec9b4eb23eb5204a6f3d51831fdb2845,506, O,", we are continuing to review FNS’s response to our prior recommendations, as well as related recommendations made by USDA’s",1.18393874168396,2.6342639923095703,1.4503252506256104,0.2434560805559158,1,native
flashprefill_tail1,3,32768,32642,tail,last_block,1,38a5830e9f6eb481ec9b4eb23eb5204a6f3d51831fdb2845,506, O,", we are continuing to review FNS’s response to our prior recommendations, as well as related recommendations made by USDA’s",1.18393874168396,2.6338462829589844,1.4499075412750244,0.2434917837381363,1,native
flashprefill_tail2,3,32768,29491,late,earlier,0,38a5830e9f6eb481ec9b4eb23eb5204a6f3d51831fdb2845,4429, taken,"23 percent, from fiscal year 2007 to fiscal year 2016. FNS has",4.50349760055542,5.950340270996094,1.4468426704406738,0.1257052719593048,1,yarn4
flashprefill_tail1,3,32768,29491,late,earlier,0,38a5830e9f6eb481ec9b4eb23eb5204a6f3d51831fdb2845,4429, taken,"23 percent, from fiscal year 2007 to fiscal year 2016. FNS has",4.50349760055542,5.950340270996094,1.4468426704406738,0.1257052719593048,1,yarn4
flashprefill_tail2,3,32768,32398,tail,earlier,0,38a5830e9f6eb481ec9b4eb23eb5204a6f3d51831fdb2845,15330, permanent,NS has proposed—but not finalized—rules to increase them. FNS imposes administrative penalties for retailer trafficking—generally a,4.560887813568115,6.000568866729736,1.439681053161621,0.0677086934447288,0,yarn4
flashprefill_tail1,3,32768,32398,tail,earlier,0,38a5830e9f6eb481ec9b4eb23eb5204a6f3d51831fdb2845,15330, permanent,NS has proposed—but not finalized—rules to increase them. FNS imposes administrative penalties for retailer trafficking—generally a,4.560887813568115,6.000568866729736,1.439681053161621,0.0677086934447288,0,yarn4
flashprefill_tail1,3,16384,16370,tail,last_block,1,ba50360a6669fb0e2fbd41a020483b9bab271b5ce69b5c87,37576, FCC," does so in a way that leads to overstatements of availability, and (2) does not capture information on factors that",10.158893585205078,11.59659481048584,1.4377012252807615,0.0128991939127445,1,yarn4
flashprefill_tail1,3,16384,16279,tail,last_block,1,ba50360a6669fb0e2fbd41a020483b9bab271b5ce69b5c87,389, on, maps of fixed broadband (see fig. 4). FCC collects and uses data that capture broadband availability to measure broadband access,5.0069260597229,6.442405223846436,1.4354791641235352,0.0250749886035919,1,yarn4
flashprefill_tail2,0,32768,32498,tail,earlier,0,505345771a2e5b438ea4bfa7c0f238f8787f45b0ca52ef7d,26912,made, news network CNBC reported on Wednesday that China had installed anti-ship cruise missiles and surface-to-air missile systems on three man,2.4678468704223637,3.897614479064941,1.429767608642578,0.0599306747317314,1,yarn4
flashprefill_tail2,2,32768,16391,middle,earlier,0,679f8b9b9a028f34abb79be22c978d1d4b377ce6ca1f12f9,20,5," (-25%), global health security (-0.1%, funded through a proposed repurposing of FY201",6.8160014152526855,8.243684768676758,1.4276833534240725,0.0229154787957668,1,yarn4
flashprefill_tail2,1,16384,14699,late,earlier,0,a6d311b6722cdf0fd1e95f07371162c59183a53db1fc5f62,40734, fulfilled," facilitated the use of intrusion detection and prevention capabilities to secure federal agency information systems, we determined the extent OMB and DHS",6.152255058288574,7.576579570770264,1.4243245124816897,0.1131083369255065,1,yarn4
flashprefill_tail1,1,16384,14699,late,earlier,0,a6d311b6722cdf0fd1e95f07371162c59183a53db1fc5f62,40734, fulfilled," facilitated the use of intrusion detection and prevention capabilities to secure federal agency information systems, we determined the extent OMB and DHS",6.152255058288574,7.576579570770264,1.4243245124816897,0.1131083369255065,1,yarn4
flashprefill_tail0,1,16384,14699,late,earlier,0,a6d311b6722cdf0fd1e95f07371162c59183a53db1fc5f62,40734, fulfilled," facilitated the use of intrusion detection and prevention capabilities to secure federal agency information systems, we determined the extent OMB and DHS",6.152255058288574,7.576579570770264,1.4243245124816897,0.1131083369255065,1,yarn4
flashprefill_tail1,1,8192,7350,late,earlier,0,a6d311b6722cdf0fd1e95f07371162c59183a53db1fc5f62,81046, intrusion," In addition, 4 of the agencies in our review previously cited several challenges in routing all of their traffic through NCPS",13.895159721374512,15.318199157714844,1.423039436340332,0.0026033851318061,1,yarn4
flashprefill_tail0,1,8192,7350,late,earlier,0,a6d311b6722cdf0fd1e95f07371162c59183a53db1fc5f62,81046, intrusion," In addition, 4 of the agencies in our review previously cited several challenges in routing all of their traffic through NCPS",13.895159721374512,15.318199157714844,1.423039436340332,0.0026033851318061,1,yarn4
flashprefill_tail2,1,8192,7350,late,earlier,0,a6d311b6722cdf0fd1e95f07371162c59183a53db1fc5f62,81046, intrusion," In addition, 4 of the agencies in our review previously cited several challenges in routing all of their traffic through NCPS",13.895159721374512,15.318199157714844,1.423039436340332,0.0026033851318061,1,yarn4
flashprefill_tail1,1,8192,7804,tail,earlier,0,a6d311b6722cdf0fd1e95f07371162c59183a53db1fc5f62,16170, principles," year 2024. FISMA requires that DHS provide operational and technical assistance to agencies in implementing policies,",3.7493107318878174,5.167756080627441,1.418445348739624,0.3040439486503601,0,yarn4
flashprefill_tail2,1,8192,7804,tail,earlier,0,a6d311b6722cdf0fd1e95f07371162c59183a53db1fc5f62,16170, principles," year 2024. FISMA requires that DHS provide operational and technical assistance to agencies in implementing policies,",3.7493107318878174,5.167756080627441,1.418445348739624,0.3040439486503601,0,yarn4
flashprefill_tail0,1,8192,7804,tail,earlier,0,a6d311b6722cdf0fd1e95f07371162c59183a53db1fc5f62,16170, principles," year 2024. FISMA requires that DHS provide operational and technical assistance to agencies in implementing policies,",3.7493107318878174,5.167756080627441,1.418445348739624,0.3040439486503601,0,yarn4
flashprefill_tail1,3,16384,8190,middle,earlier,0,9b6fabdffaa8eaf6c613e829f3507a8af89929d8c5b974c4,51207, collects," to student behavior or discipline, see appendix III. Lastly, to help identify discipline disparities among the nation’s schools, Education",3.424080848693848,4.834646224975586,1.4105653762817385,0.1984193623065948,0,yarn4
flashprefill_tail2,3,16384,8190,middle,earlier,0,9b6fabdffaa8eaf6c613e829f3507a8af89929d8c5b974c4,51207, collects," to student behavior or discipline, see appendix III. Lastly, to help identify discipline disparities among the nation’s schools, Education",3.424080848693848,4.834646224975586,1.4105653762817385,0.1984193623065948,0,yarn4
flashprefill_tail0,3,16384,8190,middle,earlier,0,9b6fabdffaa8eaf6c613e829f3507a8af89929d8c5b974c4,51207, collects," to student behavior or discipline, see appendix III. Lastly, to help identify discipline disparities among the nation’s schools, Education",3.424080848693848,4.834646224975586,1.4105653762817385,0.1984193623065948,0,yarn4
flashprefill_tail2,3,32768,29498,late,earlier,0,38a5830e9f6eb481ec9b4eb23eb5204a6f3d51831fdb2845,5302, states, 2007 to fiscal year 2016. FNS has taken steps to increase federal support of,3.4189693927764893,4.826915740966797,1.4079463481903076,0.4018486738204956,1,yarn4
flashprefill_tail0,3,8192,8106,tail,last_block,0,9b6fabdffaa8eaf6c613e829f3507a8af89929d8c5b974c4,2329, law," a technical assistance center on school-justice partnerships that works to enhance collaboration among schools, mental and behavioral health specialists, and",0.7750104069709778,2.173555850982666,1.398545503616333,0.4872354567050934,0,yarn4
flashprefill_tail1,1,8192,7708,tail,earlier,0,a6d311b6722cdf0fd1e95f07371162c59183a53db1fc5f62,12137, Federal,019. The department has awarded contracts of approximately $3.26 billion to support its Dynamic and Evolving,6.180789947509766,7.55561637878418,1.374826431274414,0.0351030193269252,1,yarn4
flashprefill_tail0,1,8192,7708,tail,earlier,0,a6d311b6722cdf0fd1e95f07371162c59183a53db1fc5f62,12137, Federal,019. The department has awarded contracts of approximately $3.26 billion to support its Dynamic and Evolving,6.180789947509766,7.55561637878418,1.374826431274414,0.0351030193269252,1,yarn4
flashprefill_tail2,1,8192,7708,tail,earlier,0,a6d311b6722cdf0fd1e95f07371162c59183a53db1fc5f62,12137, Federal,019. The department has awarded contracts of approximately $3.26 billion to support its Dynamic and Evolving,6.180789947509766,7.55561637878418,1.374826431274414,0.0351030193269252,1,yarn4
flashprefill_tail0,3,16384,8191,middle,earlier,0,9b6fabdffaa8eaf6c613e829f3507a8af89929d8c5b974c4,15817, comprehensive," student behavior or discipline, see appendix III. Lastly, to help identify discipline disparities among the nation’s schools, Education collects",6.008087635040283,7.379853248596191,1.3717656135559082,0.0638812929391861,1,yarn4
flashprefill_tail1,3,16384,8191,middle,earlier,0,9b6fabdffaa8eaf6c613e829f3507a8af89929d8c5b974c4,15817, comprehensive," student behavior or discipline, see appendix III. Lastly, to help identify discipline disparities among the nation’s schools, Education collects",6.008087635040283,7.379853248596191,1.3717656135559082,0.0638812929391861,1,yarn4
flashprefill_tail2,3,16384,8191,middle,earlier,0,9b6fabdffaa8eaf6c613e829f3507a8af89929d8c5b974c4,15817, comprehensive," student behavior or discipline, see appendix III. Lastly, to help identify discipline disparities among the nation’s schools, Education collects",6.008087635040283,7.379853248596191,1.3717656135559082,0.0638812929391861,1,yarn4
flashprefill_tail0,3,8192,8174,tail,last_block,0,9b6fabdffaa8eaf6c613e829f3507a8af89929d8c5b974c4,14429, III," school-based referrals to law enforcement. For a list of other technical assistance centers related to student behavior or discipline, see appendix",0.2745031416416168,1.6382434368133545,1.36374032497406,0.7922118902206421,0,yarn4
flashprefill_tail2,0,4096,3792,tail,earlier,0,1cc2cbc27f3df5062fc6902a5b039e5c1c6d89f0f221e97f,79528, NSF,"’ travel with the travel costs. According to the Task Force on Fiscal Oversight’s October 2016 report,",1.8329179286956787,3.19253921508789,1.359621286392212,0.2039693593978881,1,yarn4
flashprefill_tail0,0,4096,3792,tail,earlier,0,1cc2cbc27f3df5062fc6902a5b039e5c1c6d89f0f221e97f,79528, NSF,"’ travel with the travel costs. According to the Task Force on Fiscal Oversight’s October 2016 report,",1.8329179286956787,3.19253921508789,1.359621286392212,0.2039693593978881,1,yarn4
flashprefill_tail1,0,4096,3792,tail,earlier,0,1cc2cbc27f3df5062fc6902a5b039e5c1c6d89f0f221e97f,79528, NSF,"’ travel with the travel costs. According to the Task Force on Fiscal Oversight’s October 2016 report,",1.8329179286956787,3.19253921508789,1.359621286392212,0.2039693593978881,1,yarn4
flashprefill_tail0,2,8192,8066,tail,last_block,0,679f8b9b9a028f34abb79be22c978d1d4b377ce6ca1f12f9,13240, legislation,". For funding trends, see Table 1 . House and Senate SFOPS Legislation . FY2019 SFOPS",2.821676254272461,4.17383337020874,1.3521571159362793,0.2364037334918975,1,yarn4
flashprefill_tail0,3,8192,4088,middle,earlier,0,9b6fabdffaa8eaf6c613e829f3507a8af89929d8c5b974c4,27226, sidebar," abuse, and peer pressure. Further, although corporal punishment was legal in two of the five states we visited (see",1.8035227060317995,3.1031126976013184,1.299589991569519,0.1487046033143997,0,yarn4
flashprefill_tail1,3,8192,4088,middle,earlier,0,9b6fabdffaa8eaf6c613e829f3507a8af89929d8c5b974c4,27226, sidebar," abuse, and peer pressure. Further, although corporal punishment was legal in two of the five states we visited (see",1.8035227060317995,3.1031126976013184,1.299589991569519,0.1487046033143997,0,yarn4
flashprefill_tail2,3,8192,4088,middle,earlier,0,9b6fabdffaa8eaf6c613e829f3507a8af89929d8c5b974c4,27226, sidebar," abuse, and peer pressure. Further, although corporal punishment was legal in two of the five states we visited (see",1.8035227060317995,3.1031126976013184,1.299589991569519,0.1487046033143997,0,yarn4
flashprefill_tail1,3,16384,16286,tail,last_block,1,ba50360a6669fb0e2fbd41a020483b9bab271b5ce69b5c87,94587,statements,". 4). FCC collects and uses data that capture broadband availability to measure broadband access on tribal lands, leading to over",5.635748386383057,6.933050155639648,1.2973017692565918,0.0885516628623008,1,yarn4
flashprefill_tail2,1,4096,3628,tail,earlier,0,a6d311b6722cdf0fd1e95f07371162c59183a53db1fc5f62,315, of," on federal information security practices, many agencies were not effectively implementing the federal government’s approach and strategy to securing information systems as",3.005730390548706,4.29848051071167,1.292750120162964,0.0478543229401111,1,yarn4
flashprefill_tail0,1,4096,3628,tail,earlier,0,a6d311b6722cdf0fd1e95f07371162c59183a53db1fc5f62,315, of," on federal information security practices, many agencies were not effectively implementing the federal government’s approach and strategy to securing information systems as",3.005730390548706,4.29848051071167,1.292750120162964,0.0478543229401111,1,yarn4
flashprefill_tail1,1,4096,3628,tail,earlier,0,a6d311b6722cdf0fd1e95f07371162c59183a53db1fc5f62,315, of," on federal information security practices, many agencies were not effectively implementing the federal government’s approach and strategy to securing information systems as",3.005730390548706,4.29848051071167,1.292750120162964,0.0478543229401111,1,yarn4
flashprefill_tail2,2,16384,15948,tail,earlier,0,679f8b9b9a028f34abb79be22c978d1d4b377ce6ca1f12f9,11,",", Central America ($515 million) and the Countering Russian Influence Fund ($300 million). The enacted legislation,1.454621434211731,2.7375025749206543,1.2828811407089231,0.2546058595180511,1,yarn4
flashprefill_tail0,2,16384,15948,tail,earlier,0,679f8b9b9a028f34abb79be22c978d1d4b377ce6ca1f12f9,11,",", Central America ($515 million) and the Countering Russian Influence Fund ($300 million). The enacted legislation,1.454621434211731,2.7375025749206543,1.2828811407089231,0.2546058595180511,1,yarn4
flashprefill_tail1,2,16384,15948,tail,earlier,0,679f8b9b9a028f34abb79be22c978d1d4b377ce6ca1f12f9,11,",", Central America ($515 million) and the Countering Russian Influence Fund ($300 million). The enacted legislation,1.454621434211731,2.7375025749206543,1.2828811407089231,0.2546058595180511,1,yarn4
flashprefill_tail0,1,16384,16118,tail,earlier,0,ff191f2d1d1e910150ba1af73d4d17215693b438f9cd5787,12,-,". As of July 1, 2015, nearly two-thirds of all Medicaid beneficiaries were enrolled in managed",7.975119590759277,9.25367546081543,1.2785558700561523,0.0040852753445506,1,yarn4
flashprefill_tail2,1,16384,16118,tail,earlier,0,ff191f2d1d1e910150ba1af73d4d17215693b438f9cd5787,12,-,". As of July 1, 2015, nearly two-thirds of all Medicaid beneficiaries were enrolled in managed",7.975119590759277,9.25367546081543,1.2785558700561523,0.0040852753445506,1,yarn4
flashprefill_tail2,2,32768,32525,tail,penultimate_block,1,1d3a7aa618929e4e3e7f17d8542f5141de8afd669f292e43,7842, adding," earlier, states have generally already used Section 130 Program funding to address safety at the riskiest grade crossings by",2.1871578693389893,3.460602045059204,1.2734441757202148,0.4723625183105469,1,native
flashprefill_tail2,3,16384,16286,tail,last_block,1,ba50360a6669fb0e2fbd41a020483b9bab271b5ce69b5c87,94587,statements,". 4). FCC collects and uses data that capture broadband availability to measure broadband access on tribal lands, leading to over",5.635748386383057,6.898684024810791,1.2629356384277344,0.0853287428617477,1,yarn4
flashprefill_tail1,2,32768,32260,tail,earlier,0,1d3a7aa618929e4e3e7f17d8542f5141de8afd669f292e43,7079, projects,WA’s biennial report to Congress is intended to provide information to Congress on the progress being made by the states in implementing,3.66644811630249,4.91073751449585,1.2442893981933594,0.0678999572992324,1,native
flashprefill_tail2,2,32768,32260,tail,earlier,0,1d3a7aa618929e4e3e7f17d8542f5141de8afd669f292e43,7079, projects,WA’s biennial report to Congress is intended to provide information to Congress on the progress being made by the states in implementing,3.66644811630249,4.91073751449585,1.2442893981933594,0.0678999572992324,1,native
flashprefill_tail0,2,32768,32260,tail,earlier,0,1d3a7aa618929e4e3e7f17d8542f5141de8afd669f292e43,7079, projects,WA’s biennial report to Congress is intended to provide information to Congress on the progress being made by the states in implementing,3.66644811630249,4.91073751449585,1.2442893981933594,0.0678999572992324,1,native
flashprefill_tail1,3,32768,32404,tail,earlier,0,38a5830e9f6eb481ec9b4eb23eb5204a6f3d51831fdb2845,476, or,—rules to increase them. FNS imposes administrative penalties for retailer trafficking—generally a permanent disqualification from the program,2.2596583366394043,3.4854655265808105,1.2258071899414062,0.085094466805458,1,native
flashprefill_tail2,3,32768,32404,tail,earlier,0,38a5830e9f6eb481ec9b4eb23eb5204a6f3d51831fdb2845,476, or,—rules to increase them. FNS imposes administrative penalties for retailer trafficking—generally a permanent disqualification from the program,2.2596583366394043,3.4854655265808105,1.2258071899414062,0.085094466805458,1,native
flashprefill_tail0,3,32768,32404,tail,earlier,0,38a5830e9f6eb481ec9b4eb23eb5204a6f3d51831fdb2845,476, or,—rules to increase them. FNS imposes administrative penalties for retailer trafficking—generally a permanent disqualification from the program,2.2596583366394043,3.4854655265808105,1.2258071899414062,0.085094466805458,1,native
flashprefill_tail0,2,16384,8193,middle,earlier,0,679f8b9b9a028f34abb79be22c978d1d4b377ce6ca1f12f9,1800, Res,018 funding and 30% more than requested. Neither bill received floor consideration in its respective chamber. Continuing,1.309816598892212,2.510858058929444,1.2010414600372314,0.6690139770507812,0,yarn4
flashprefill_tail0,0,8192,7828,tail,earlier,0,490f14d293ac1c261a07bd50aeac2e86a9e76c726d7883a2,979, when, roles were limited because they did not have the authority to review and approve the entire agency IT portfolio. In addition to failures,8.984566688537598,10.184165954589844,1.199599266052246,0.1343281418085098,1,yarn4
flashprefill_tail2,0,8192,7828,tail,earlier,0,490f14d293ac1c261a07bd50aeac2e86a9e76c726d7883a2,979, when, roles were limited because they did not have the authority to review and approve the entire agency IT portfolio. In addition to failures,8.984566688537598,10.184165954589844,1.199599266052246,0.1343281418085098,1,yarn4
flashprefill_tail1,0,8192,7828,tail,earlier,0,490f14d293ac1c261a07bd50aeac2e86a9e76c726d7883a2,979, when, roles were limited because they did not have the authority to review and approve the entire agency IT portfolio. In addition to failures,8.984566688537598,10.184165954589844,1.199599266052246,0.1343281418085098,1,yarn4
flashprefill_tail1,1,32768,16370,middle,earlier,0,ff191f2d1d1e910150ba1af73d4d17215693b438f9cd5787,30722, Medicare," fraud, waste, and abuse for Medicare and Medicaid were $1.45 billion. As mentioned previously, we designated",3.1607041358947754,4.3564629554748535,1.195758819580078,0.0778704434633255,1,native
flashprefill_tail2,1,32768,16370,middle,earlier,0,ff191f2d1d1e910150ba1af73d4d17215693b438f9cd5787,30722, Medicare," fraud, waste, and abuse for Medicare and Medicaid were $1.45 billion. As mentioned previously, we designated",3.1607041358947754,4.3564629554748535,1.195758819580078,0.0778704434633255,1,native
flashprefill_tail0,1,32768,16370,middle,earlier,0,ff191f2d1d1e910150ba1af73d4d17215693b438f9cd5787,30722, Medicare," fraud, waste, and abuse for Medicare and Medicaid were $1.45 billion. As mentioned previously, we designated",3.1607041358947754,4.3564629554748535,1.195758819580078,0.0778704434633255,1,native
flashprefill_tail1,1,8192,7835,tail,earlier,0,a6d311b6722cdf0fd1e95f07371162c59183a53db1fc5f62,320, (," information security. Toward this end, DHS has available training and guidance related to the implementation of the capabilities of NCPS",5.467127799987793,6.661550521850586,1.194422721862793,0.0122339548543095,1,yarn4
flashprefill_tail0,1,8192,7835,tail,earlier,0,a6d311b6722cdf0fd1e95f07371162c59183a53db1fc5f62,320, (," information security. Toward this end, DHS has available training and guidance related to the implementation of the capabilities of NCPS",5.467127799987793,6.661550521850586,1.194422721862793,0.0122339548543095,1,yarn4
flashprefill_tail2,1,8192,7835,tail,earlier,0,a6d311b6722cdf0fd1e95f07371162c59183a53db1fc5f62,320, (," information security. Toward this end, DHS has available training and guidance related to the implementation of the capabilities of NCPS",5.467127799987793,6.661550521850586,1.194422721862793,0.0122339548543095,1,yarn4
flashprefill_tail2,3,4096,3659,tail,earlier,0,9b6fabdffaa8eaf6c613e829f3507a8af89929d8c5b974c4,323, and," students being arrested in school and expelled. Use of Corporal Punishment in School for Five Selected States California, Massachusetts,",4.340174198150635,5.523366451263428,1.183192253112793,0.0442236550152301,1,yarn4
flashprefill_tail0,3,4096,3659,tail,earlier,0,9b6fabdffaa8eaf6c613e829f3507a8af89929d8c5b974c4,323, and," students being arrested in school and expelled. Use of Corporal Punishment in School for Five Selected States California, Massachusetts,",4.340174198150635,5.523366451263428,1.183192253112793,0.0442236550152301,1,yarn4
flashprefill_tail1,3,4096,3659,tail,earlier,0,9b6fabdffaa8eaf6c613e829f3507a8af89929d8c5b974c4,323, and," students being arrested in school and expelled. Use of Corporal Punishment in School for Five Selected States California, Massachusetts,",4.340174198150635,5.523366451263428,1.183192253112793,0.0442236550152301,1,yarn4
flashprefill_tail0,2,32768,32736,tail,last_block,0,1d3a7aa618929e4e3e7f17d8542f5141de8afd669f292e43,8645, challenge," and local agencies and serving as a clearinghouse for innovative methods of supporting projects. However, with the exception of the funding",4.60555362701416,5.787213325500488,1.181659698486328,0.0531443394720554,1,native
flashprefill_tail1,3,4096,3715,tail,earlier,0,9b6fabdffaa8eaf6c613e829f3507a8af89929d8c5b974c4,1483, used,"al punishment unless the student’s parent has provided a written, signed statement prohibiting it. None of the schools GAO visited",3.5844979286193848,4.760299682617188,1.1758017539978027,0.0277120117098093,1,yarn4
flashprefill_tail0,3,4096,3715,tail,earlier,0,9b6fabdffaa8eaf6c613e829f3507a8af89929d8c5b974c4,1483, used,"al punishment unless the student’s parent has provided a written, signed statement prohibiting it. None of the schools GAO visited",3.5844979286193848,4.760299682617188,1.1758017539978027,0.0277120117098093,1,yarn4
flashprefill_tail2,3,4096,3715,tail,earlier,0,9b6fabdffaa8eaf6c613e829f3507a8af89929d8c5b974c4,1483, used,"al punishment unless the student’s parent has provided a written, signed statement prohibiting it. None of the schools GAO visited",3.5844979286193848,4.760299682617188,1.1758017539978027,0.0277120117098093,1,yarn4
flashprefill_tail0,3,32768,32601,tail,penultimate_block,0,38a5830e9f6eb481ec9b4eb23eb5204a6f3d51831fdb2845,37836, examining,", we are continuing to assess FNS’s efforts to prevent, detect, and respond to retailer trafficking, as well as",5.319736480712891,6.488462448120117,1.1687259674072266,0.0375946611166,1,native
flashprefill_tail1,3,32768,32601,tail,penultimate_block,0,38a5830e9f6eb481ec9b4eb23eb5204a6f3d51831fdb2845,37836, examining,", we are continuing to assess FNS’s efforts to prevent, detect, and respond to retailer trafficking, as well as",5.319736480712891,6.488462448120117,1.1687259674072266,0.0375946611166,1,native
flashprefill_tail0,0,4096,4016,tail,last_block,0,1cc2cbc27f3df5062fc6902a5b039e5c1c6d89f0f221e97f,23449, negotiations," NSF would reimburse the rotator up to $10,000 a year. IPA rotators who entered into",2.298408508300781,3.462489604949951,1.16408109664917,0.0546254329383373,1,yarn4
flashprefill_tail1,2,32768,32534,tail,penultimate_block,0,1d3a7aa618929e4e3e7f17d8542f5141de8afd669f292e43,14626, Yet,"130 Program funding to address safety at the riskiest grade crossings by adding protective measures, typically lights and gates.",6.359472274780273,7.498834609985352,1.139362335205078,0.0608580335974693,1,native
flashprefill_tail0,2,32768,32534,tail,penultimate_block,0,1d3a7aa618929e4e3e7f17d8542f5141de8afd669f292e43,14626, Yet,"130 Program funding to address safety at the riskiest grade crossings by adding protective measures, typically lights and gates.",6.359472274780273,7.498834609985352,1.139362335205078,0.0608580335974693,1,native
flashprefill_tail0,1,32768,32333,tail,earlier,0,99f4c9b3ae17f0f11db1ec1965778c695a021407717a969a,9289, exchange," the efficiency and quality of veterans’ health care by modernizing the department’s health information systems, increasing the department’s data",4.328429698944092,5.450572490692139,1.1221427917480469,0.0659957304596901,0,native
flashprefill_tail1,1,32768,32333,tail,earlier,0,99f4c9b3ae17f0f11db1ec1965778c695a021407717a969a,9289, exchange," the efficiency and quality of veterans’ health care by modernizing the department’s health information systems, increasing the department’s data",4.328429698944092,5.450572490692139,1.1221427917480469,0.0659957304596901,0,native
flashprefill_tail2,1,32768,32333,tail,earlier,0,99f4c9b3ae17f0f11db1ec1965778c695a021407717a969a,9289, exchange," the efficiency and quality of veterans’ health care by modernizing the department’s health information systems, increasing the department’s data",4.328429698944092,5.450572490692139,1.1221427917480469,0.0659957304596901,0,native
flashprefill_tail0,0,32768,32729,tail,last_block,0,505345771a2e5b438ea4bfa7c0f238f8787f45b0ca52ef7d,87664, ECS, that invitation. Observers who have argued for the United States to take stronger actions in response to China's actions in the,3.899215698242188,5.010353088378906,1.1111373901367188,0.0098094111308455,1,native
flashprefill_tail1,0,8192,7383,late,earlier,0,490f14d293ac1c261a07bd50aeac2e86a9e76c726d7883a2,8039, budget,", Timothy Guinane, Cynthia Norris, and Sara Sullivan.

[Report 2]

According to the President’s",2.471214771270752,3.5792694091796875,1.1080546379089355,0.1471206247806549,0,yarn4
flashprefill_tail2,0,8192,7383,late,earlier,0,490f14d293ac1c261a07bd50aeac2e86a9e76c726d7883a2,8039, budget,", Timothy Guinane, Cynthia Norris, and Sara Sullivan.

[Report 2]

According to the President’s",2.471214771270752,3.5792694091796875,1.1080546379089355,0.1471206247806549,0,yarn4
flashprefill_tail0,1,4096,4016,tail,last_block,0,a6d311b6722cdf0fd1e95f07371162c59183a53db1fc5f62,6200, core," reporting instructions direct inspectors general to provide a maturity rating for agency information security policies, procedures, and practices related to the five",0.7750789523124695,1.8819645643234253,1.1068856716156006,0.661261260509491,0,yarn4
flashprefill_tail0,1,4096,3734,tail,earlier,0,a6d311b6722cdf0fd1e95f07371162c59183a53db1fc5f62,434, F,"17, most agencies had not met all targets for the cybersecurity CAP goal for improving cybersecurity performance. Further, based on",6.379153728485107,7.469427108764648,1.090273380279541,0.0192470457404851,1,yarn4
flashprefill_tail1,1,4096,3734,tail,earlier,0,a6d311b6722cdf0fd1e95f07371162c59183a53db1fc5f62,434, F,"17, most agencies had not met all targets for the cybersecurity CAP goal for improving cybersecurity performance. Further, based on",6.379153728485107,7.469427108764648,1.090273380279541,0.0192470457404851,1,yarn4
flashprefill_tail2,1,4096,3734,tail,earlier,0,a6d311b6722cdf0fd1e95f07371162c59183a53db1fc5f62,434, F,"17, most agencies had not met all targets for the cybersecurity CAP goal for improving cybersecurity performance. Further, based on",6.379153728485107,7.469427108764648,1.090273380279541,0.0192470457404851,1,yarn4
flashprefill_tail1,1,32768,32273,tail,earlier,0,99f4c9b3ae17f0f11db1ec1965778c695a021407717a969a,506, O," In December 2013, VA initiated its VistA Evolution program as a joint effort of VHA and",1.537379264831543,2.6119823455810547,1.0746030807495115,0.1783828139305114,1,native
flashprefill_tail0,1,32768,32273,tail,earlier,0,99f4c9b3ae17f0f11db1ec1965778c695a021407717a969a,506, O," In December 2013, VA initiated its VistA Evolution program as a joint effort of VHA and",1.537379264831543,2.6119823455810547,1.0746030807495115,0.1783828139305114,1,native
flashprefill_tail2,1,32768,32273,tail,earlier,0,99f4c9b3ae17f0f11db1ec1965778c695a021407717a969a,506, O," In December 2013, VA initiated its VistA Evolution program as a joint effort of VHA and",1.537379264831543,2.6119823455810547,1.0746030807495115,0.1783828139305114,1,native
flashprefill_tail1,1,32768,16368,middle,earlier,0,ff191f2d1d1e910150ba1af73d4d17215693b438f9cd5787,582, we," to address fraud, waste, and abuse for Medicare and Medicaid were $1.45 billion. As mentioned previously,",5.497307777404785,6.560534477233887,1.0632266998291016,0.0304539203643798,1,native
flashprefill_tail0,1,32768,16368,middle,earlier,0,ff191f2d1d1e910150ba1af73d4d17215693b438f9cd5787,582, we," to address fraud, waste, and abuse for Medicare and Medicaid were $1.45 billion. As mentioned previously,",5.497307777404785,6.560534477233887,1.0632266998291016,0.0304539203643798,1,native
flashprefill_tail2,1,32768,16368,middle,earlier,0,ff191f2d1d1e910150ba1af73d4d17215693b438f9cd5787,582, we," to address fraud, waste, and abuse for Medicare and Medicaid were $1.45 billion. As mentioned previously,",5.497307777404785,6.560534477233887,1.0632266998291016,0.0304539203643798,1,native
flashprefill_tail2,3,8192,8089,tail,last_block,1,9b6fabdffaa8eaf6c613e829f3507a8af89929d8c5b974c4,38768,justice,", substance abuse, physical safety, student engagement, and other related issues. Justice funds a technical assistance center on school-",4.894657135009766,5.957029342651367,1.0623722076416016,0.0715523138642311,1,yarn4
flashprefill_tail2,1,32768,16377,middle,earlier,0,ff191f2d1d1e910150ba1af73d4d17215693b438f9cd5787,7468, programs," Medicare and Medicaid were $1.45 billion. As mentioned previously, we designated Medicare and Medicaid as high- risk",2.569272041320801,3.627438306808472,1.058166265487671,0.0369540005922317,1,native
flashprefill_tail0,1,32768,16377,middle,earlier,0,ff191f2d1d1e910150ba1af73d4d17215693b438f9cd5787,7468, programs," Medicare and Medicaid were $1.45 billion. As mentioned previously, we designated Medicare and Medicaid as high- risk",2.569272041320801,3.627438306808472,1.058166265487671,0.0369540005922317,1,native
flashprefill_tail1,1,32768,16377,middle,earlier,0,ff191f2d1d1e910150ba1af73d4d17215693b438f9cd5787,7468, programs," Medicare and Medicaid were $1.45 billion. As mentioned previously, we designated Medicare and Medicaid as high- risk",2.569272041320801,3.627438306808472,1.058166265487671,0.0369540005922317,1,native
flashprefill_tail1,1,8192,7869,tail,earlier,0,a6d311b6722cdf0fd1e95f07371162c59183a53db1fc5f62,16,1," CDM. Specifically: According the DHS officials, the department offers training and guidance to agencies on EINSTEIN ",1.079556226730347,2.1356770992279053,1.0561208724975586,0.1934650540351867,1,yarn4
flashprefill_tail2,1,8192,7869,tail,earlier,0,a6d311b6722cdf0fd1e95f07371162c59183a53db1fc5f62,16,1," CDM. Specifically: According the DHS officials, the department offers training and guidance to agencies on EINSTEIN ",1.079556226730347,2.1356770992279053,1.0561208724975586,0.1934650540351867,1,yarn4
flashprefill_tail2,2,8192,8055,tail,penultimate_block,1,679f8b9b9a028f34abb79be22c978d1d4b377ce6ca1f12f9,23463, SF," or about 15% of enacted SFOPS funding. For funding trends, see Table 1 . House and Senate",7.041750907897949,8.096467971801758,1.0547170639038086,0.0122638568282127,1,yarn4
flashprefill_tail1,2,32768,32530,tail,penultimate_block,0,1d3a7aa618929e4e3e7f17d8542f5141de8afd669f292e43,12711, lights," already used Section 130 Program funding to address safety at the riskiest grade crossings by adding protective measures, typically",5.263537406921387,6.315612316131592,1.052074909210205,0.4499483406543731,1,native
flashprefill_tail0,2,32768,32530,tail,penultimate_block,0,1d3a7aa618929e4e3e7f17d8542f5141de8afd669f292e43,12711, lights," already used Section 130 Program funding to address safety at the riskiest grade crossings by adding protective measures, typically",5.263537406921387,6.315612316131592,1.052074909210205,0.4499483406543731,1,native
flashprefill_tail1,2,32768,16391,middle,earlier,0,679f8b9b9a028f34abb79be22c978d1d4b377ce6ca1f12f9,20,5," (-25%), global health security (-0.1%, funded through a proposed repurposing of FY201",6.773481369018555,7.813223361968994,1.0397419929504397,0.0228111520409584,1,native
flashprefill_tail2,2,32768,16391,middle,earlier,0,679f8b9b9a028f34abb79be22c978d1d4b377ce6ca1f12f9,20,5," (-25%), global health security (-0.1%, funded through a proposed repurposing of FY201",6.773481369018555,7.813223361968994,1.0397419929504397,0.0228111520409584,1,native
flashprefill_tail0,2,32768,16391,middle,earlier,0,679f8b9b9a028f34abb79be22c978d1d4b377ce6ca1f12f9,20,5," (-25%), global health security (-0.1%, funded through a proposed repurposing of FY201",6.773481369018555,7.813223361968994,1.0397419929504397,0.0228111520409584,1,native
flashprefill_tail1,2,32768,32525,tail,penultimate_block,0,1d3a7aa618929e4e3e7f17d8542f5141de8afd669f292e43,7842, adding," earlier, states have generally already used Section 130 Program funding to address safety at the riskiest grade crossings by",2.1871578693389893,3.1951401233673096,1.0079822540283203,0.1297297924757003,1,native
flashprefill_tail1,0,32768,32427,tail,earlier,0,505345771a2e5b438ea4bfa7c0f238f8787f45b0ca52ef7d,10982, stated," we will stand up and defend the rule of law."" A May 3, 2018, press report",4.045178890228272,5.04261589050293,0.9974370002746582,0.0095963543280959,1,native
flashprefill_tail2,0,32768,32427,tail,earlier,0,505345771a2e5b438ea4bfa7c0f238f8787f45b0ca52ef7d,10982, stated," we will stand up and defend the rule of law."" A May 3, 2018, press report",4.045178890228272,5.04261589050293,0.9974370002746582,0.0095963543280959,1,native
flashprefill_tail2,1,32768,32611,tail,penultimate_block,1,99f4c9b3ae17f0f11db1ec1965778c695a021407717a969a,11737, fourth, currently in the process of revising its plan for the program as a result of the department recently announcing its pursuit of a,5.992586135864258,6.978201389312744,0.9856152534484864,0.0199008025228977,1,native
flashprefill_tail2,1,32768,32341,tail,earlier,0,99f4c9b3ae17f0f11db1ec1965778c695a021407717a969a,869, private," care by modernizing the department’s health information systems, increasing the department’s data exchange and interoperability with DOD and",1.8611531257629397,2.843238592147827,0.9820854663848876,0.1456975489854812,1,native
flashprefill_tail2,0,32768,32300,tail,earlier,0,505345771a2e5b438ea4bfa7c0f238f8787f45b0ca52ef7d,5510, ways,isation of the South China Sea is one area where China is contesting international law. They are pushing around smaller states in,4.998196125030518,5.971049785614014,0.972853660583496,0.0114600341767072,1,native
flashprefill_tail2,3,32768,32640,tail,penultimate_block,1,38a5830e9f6eb481ec9b4eb23eb5204a6f3d51831fdb2845,59991, USDA," this work, we are continuing to review FNS’s response to our prior recommendations, as well as related recommendations made by",2.092256784439087,3.0350489616394043,0.9427921772003174,0.1084701493382453,1,native
flashprefill_tail0,1,4096,3831,tail,earlier,0,a6d311b6722cdf0fd1e95f07371162c59183a53db1fc5f62,14429, III, efforts to implement the government’s approach and strategy for securing information systems as of fiscal year 2017. Appendix,0.483438491821289,1.420655608177185,0.937217116355896,0.4601454734802246,0,yarn4
flashprefill_tail1,1,4096,3831,tail,earlier,0,a6d311b6722cdf0fd1e95f07371162c59183a53db1fc5f62,14429, III, efforts to implement the government’s approach and strategy for securing information systems as of fiscal year 2017. Appendix,0.483438491821289,1.420655608177185,0.937217116355896,0.4601454734802246,0,yarn4
flashprefill_tail2,1,4096,3831,tail,earlier,0,a6d311b6722cdf0fd1e95f07371162c59183a53db1fc5f62,14429, III, efforts to implement the government’s approach and strategy for securing information systems as of fiscal year 2017. Appendix,0.483438491821289,1.420655608177185,0.937217116355896,0.4601454734802246,0,yarn4
flashprefill_tail2,0,32768,32487,tail,earlier,0,505345771a2e5b438ea4bfa7c0f238f8787f45b0ca52ef7d,30451, cruise, said on Thursday [May 3]. U.S. news network CNBC reported on Wednesday that China had installed anti-ship,0.9220260381698608,1.855595946311951,0.9335699081420898,0.1902891397476196,0,native
flashprefill_tail0,0,4096,4044,tail,last_block,0,1cc2cbc27f3df5062fc6902a5b039e5c1c6d89f0f221e97f,5558, lost," NSF prior to this change may still receive this reimbursement. In fiscal year 2017, NSF’s cost for",10.001498222351074,10.92325210571289,0.9217538833618164,0.0026889541186392,1,yarn4
flashprefill_tail2,0,32768,32601,tail,penultimate_block,1,505345771a2e5b438ea4bfa7c0f238f8787f45b0ca52ef7d,14057,inv," the consequences might be. On May 23, 2018, DOD announced that it was dis",2.728080987930298,3.646765947341919,0.9186849594116212,0.0277013294398784,1,native
flashprefill_tail0,2,4096,3626,tail,earlier,0,a12d1df7a84ab7478fc861b8b0221e9b0dd8d0e6a96d18fc,8317, transfer," size and complexity of Medicare, a documented fraud risk profile could support CMS’s resource-allocation decisions as well as facilitate the",5.89901876449585,6.784684181213379,0.8856654167175293,0.087089255452156,1,yarn4
flashprefill_tail1,2,4096,3626,tail,earlier,0,a12d1df7a84ab7478fc861b8b0221e9b0dd8d0e6a96d18fc,8317, transfer," size and complexity of Medicare, a documented fraud risk profile could support CMS’s resource-allocation decisions as well as facilitate the",5.89901876449585,6.784684181213379,0.8856654167175293,0.087089255452156,1,yarn4
flashprefill_tail2,2,4096,3626,tail,earlier,0,a12d1df7a84ab7478fc861b8b0221e9b0dd8d0e6a96d18fc,8317, transfer," size and complexity of Medicare, a documented fraud risk profile could support CMS’s resource-allocation decisions as well as facilitate the",5.89901876449585,6.784684181213379,0.8856654167175293,0.087089255452156,1,yarn4
flashprefill_tail2,0,4096,3818,tail,earlier,0,1cc2cbc27f3df5062fc6902a5b039e5c1c6d89f0f221e97f,46110, outreach," support for travel benefits the agency by providing a way for program directors and executives to stay current in their scientific fields, conduct",0.5753096342086792,1.4532506465911863,0.8779410123825073,0.2754966020584106,1,yarn4
flashprefill_tail0,0,4096,3818,tail,earlier,0,1cc2cbc27f3df5062fc6902a5b039e5c1c6d89f0f221e97f,46110, outreach," support for travel benefits the agency by providing a way for program directors and executives to stay current in their scientific fields, conduct",0.5753096342086792,1.4532506465911863,0.8779410123825073,0.2754966020584106,1,yarn4
flashprefill_tail1,0,4096,3818,tail,earlier,0,1cc2cbc27f3df5062fc6902a5b039e5c1c6d89f0f221e97f,46110, outreach," support for travel benefits the agency by providing a way for program directors and executives to stay current in their scientific fields, conduct",0.5753096342086792,1.4532506465911863,0.8779410123825073,0.2754966020584106,1,yarn4
flashprefill_tail2,1,4096,4016,tail,last_block,1,a6d311b6722cdf0fd1e95f07371162c59183a53db1fc5f62,6200, core," reporting instructions direct inspectors general to provide a maturity rating for agency information security policies, procedures, and practices related to the five",0.7750789523124695,1.6266851425170898,0.8516061902046204,0.2902885377407074,1,yarn4
flashprefill_tail1,0,4096,4044,tail,last_block,1,1cc2cbc27f3df5062fc6902a5b039e5c1c6d89f0f221e97f,5558, lost," NSF prior to this change may still receive this reimbursement. In fiscal year 2017, NSF’s cost for",10.001498222351074,10.85179042816162,0.8502922058105469,0.0102891800925135,1,yarn4
flashprefill_tail2,1,4096,3647,tail,earlier,0,a6d311b6722cdf0fd1e95f07371162c59183a53db1fc5f62,17,2, to securing information systems as of fiscal year 2017. Agencies’ inspectors general determined that most of the ,0.9113313555717468,1.7615811824798584,0.8502498269081116,0.1761398911476135,0,yarn4
flashprefill_tail1,1,4096,3647,tail,earlier,0,a6d311b6722cdf0fd1e95f07371162c59183a53db1fc5f62,17,2, to securing information systems as of fiscal year 2017. Agencies’ inspectors general determined that most of the ,0.9113313555717468,1.7615811824798584,0.8502498269081116,0.1761398911476135,0,yarn4
flashprefill_tail2,0,4096,2111,middle,earlier,0,1cc2cbc27f3df5062fc6902a5b039e5c1c6d89f0f221e97f,892, which," staff-level positions within the agency before becoming executives. NSF uses both IPA and VSEE rotators in program director positions,",1.6634629964828491,2.505991220474243,0.842528223991394,0.1316131204366684,1,yarn4
flashprefill_tail1,0,4096,2111,middle,earlier,0,1cc2cbc27f3df5062fc6902a5b039e5c1c6d89f0f221e97f,892, which," staff-level positions within the agency before becoming executives. NSF uses both IPA and VSEE rotators in program director positions,",1.6634629964828491,2.505991220474243,0.842528223991394,0.1316131204366684,1,yarn4
flashprefill_tail1,2,4096,3690,tail,earlier,0,a12d1df7a84ab7478fc861b8b0221e9b0dd8d0e6a96d18fc,582, we, facilitated marketplace. This fraud risk assessment for the federally facilitated marketplace eligibility and enrollment process is being conducted in response to a recommendation,3.225493669509888,4.047738552093506,0.8222448825836182,0.0400129072368145,1,yarn4
flashprefill_tail2,2,4096,3690,tail,earlier,0,a12d1df7a84ab7478fc861b8b0221e9b0dd8d0e6a96d18fc,582, we, facilitated marketplace. This fraud risk assessment for the federally facilitated marketplace eligibility and enrollment process is being conducted in response to a recommendation,3.225493669509888,4.047738552093506,0.8222448825836182,0.0400129072368145,1,yarn4
flashprefill_tail1,2,4096,3957,tail,penultimate_block,0,a12d1df7a84ab7478fc861b8b0221e9b0dd8d0e6a96d18fc,21892, identification," several subassessments to reflect their various component parts (e.g., Medicare Part C). CMS’s existing fraud risk",5.4669294357299805,6.274143218994141,0.8072137832641602,0.0204249322414398,1,yarn4
flashprefill_tail1,1,4096,3798,tail,earlier,0,a6d311b6722cdf0fd1e95f07371162c59183a53db1fc5f62,10582, intr," agencies were at risk of ineffectively identifying, protecting, detecting, responding to, and if necessary, recovering from cyber",2.4623327255249023,3.264890193939209,0.8025574684143066,0.0465626381337642,1,yarn4
flashprefill_tail2,1,4096,3798,tail,earlier,0,a6d311b6722cdf0fd1e95f07371162c59183a53db1fc5f62,10582, intr," agencies were at risk of ineffectively identifying, protecting, detecting, responding to, and if necessary, recovering from cyber",2.4623327255249023,3.264890193939209,0.8025574684143066,0.0465626381337642,1,yarn4
flashprefill_tail2,1,4096,3792,tail,earlier,0,a6d311b6722cdf0fd1e95f07371162c59183a53db1fc5f62,421, if," while the other 10 agencies were at risk of ineffectively identifying, protecting, detecting, responding to, and",12.715324401855469,13.513251304626465,0.7979269027709961,0.007122506853193,1,yarn4
flashprefill_tail1,1,4096,3792,tail,earlier,0,a6d311b6722cdf0fd1e95f07371162c59183a53db1fc5f62,421, if," while the other 10 agencies were at risk of ineffectively identifying, protecting, detecting, responding to, and",12.715324401855469,13.513251304626465,0.7979269027709961,0.007122506853193,1,yarn4
flashprefill_tail2,0,4096,4044,tail,last_block,1,1cc2cbc27f3df5062fc6902a5b039e5c1c6d89f0f221e97f,5558, lost," NSF prior to this change may still receive this reimbursement. In fiscal year 2017, NSF’s cost for",10.001498222351074,10.784377098083496,0.7828788757324219,0.0111501831561326,1,yarn4
flashprefill_tail2,3,4096,3586,tail,earlier,0,9b6fabdffaa8eaf6c613e829f3507a8af89929d8c5b974c4,25364, discipline," media arguments can cause students who were not part of the original situation to be pulled in, creating classroom disruptions that end in",2.518652439117432,3.249084949493408,0.7304325103759766,0.1238717287778854,1,yarn4
